Brand Name,Phosphorus,Protein,Sodium,Fat,Carbs,Calories,Date Obtained,Minimum
My Perfect Pet Bengal's Beef Carnivore Grain-Free Blend,0.5,69.3,0.2,17.6,,61.5,26-Jan-20,False
Hill's Science Diet Adult Tender Tuna Dinner,0.52,41.3,0.48,17.5,32.6,29.45,1-Feb-20,False
Hill's Science Diet Adult 7+ Tender Tuna Dinner,0.54,41.8,0.47,18.9,30.0,27.64,1-Feb-20,False
Wellness Healthy Indulgence Morsels Chicken & Chicken Liver Pouch,0.55,37.87,1.54,30.91,23.01,20.67,1-Feb-20,False
Wellness Healthy Indulgence Morsels Chicken & Salmon Pouch,0.56,39.86,1.53,27.18,21.04,20.67,1-Feb-20,False
Hill's Science Diet Adult 11+ Healthy Cuisine Seared Tuna & Carrot Medley,0.57,37.6,0.38,19.9,35.5,23.57,1-Feb-20,False
Truluxe Steak Frites,0.57,61.9,0.22,27.8,7.5,20.67,26-Jan-20,False
Hill's Science Diet Adult Healthy Cuisine Roasted Chicken & Rice Medley,0.59,36.5,0.54,21.1,33.5,23.57,1-Feb-20,False
Soulistic Harvest Sunrise Chicken & Pumpkin in Gravy,0.59,56.47,0.16,12.3,27.81,21.27,27-Jan-20,False
Hill's Science Diet Adult Tender Chicken Dinner,0.6,37.5,0.4,21.6,33.6,29.09,1-Feb-20,False
Wellness Healthy Indulgence Morsels Salmon & Tuna Pouch,0.6,42.7,1.61,25.32,20.23,20.67,1-Feb-20,False
Wysong Epigen Turkey,0.6,45.1,0.5,35.7,7.8,39.15,16-Oct-19,False
Wysong Epigen Duck,0.6,45.5,0.5,36.2,6.9,37.67,16-Oct-19,False
Wellness Healthy Indulgence Morsels Chicken & Turkey Pouch,0.61,37.12,1.43,31.95,18.22,20.67,1-Feb-20,False
Wellness Healthy Indulgence Morsels Tuna Pouch,0.61,39.87,1.35,28.41,22.73,20.67,1-Feb-20,False
Wellness Healthy Indulgence Morsels Turkey & Duck Pouch,0.62,38.35,1.19,30.15,23.25,20.67,1-Feb-20,False
Koha Poké Bowl Tuna & Duck Entrée in Grav,0.62,56.19,1.9,15.71,17.67,25.09,27-Nov-19,True
Hill's Science Diet Adult 7+ Healthy Cuisine Roasted Chicken & Rice Medley,0.63,38.0,0.37,19.1,34.3,22.86,1-Feb-20,False
Hill’s Science Diet Youthful Vitality 7+ Tuna & Vegetable Stew,0.63,38.8,0.44,17.6,35.5,23.79,1-Feb-20,False
JustFoodForCats Fish & Chicken Recipe,0.63,52.0,0.83,22.0,17.5,35.0,8-Nov-19,False
Hill's Science Diet Adult 7+ Savory Turkey Entrée,0.64,33.7,0.29,24.0,31.4,33.64,1-Feb-20,False
Organix Organic Turkey & Organic Spinach,0.64,36.36,0.49,31.05,23.01,36.0,29-Oct-19,False
Hill's Science Diet Adult 7+ Savory Chicken Entrée,0.64,38.7,0.33,24.3,27.2,31.09,1-Feb-20,False
Fussie Cat Super Premium Chicken with Sweet Potat,0.64,49.57,0.23,7.68,,22.94,5-Dec-19,True
Hill's Science Diet Adult Indoor Cat Savory Chicken Entrée,0.65,33.6,0.5,23.8,25.3,30.91,1-Feb-20,False
Hill’s Science Diet Youthful Vitality Adult 7+ Chicken & Vegetable Entree,0.65,34.6,0.43,17.9,39.3,33.45,1-Feb-20,False
Hill's Science Diet Adult Savory Chicken Entrée,0.65,40.1,0.37,26.6,22.4,32.91,1-Feb-20,False
"Organix Organic Turkey, Brown Rice & Chicken",0.66,34.61,0.4,28.47,21.3,35.45,29-Oct-19,False
Hill's Science Diet Adult Indoor Cat Ocean Fish Entrée,0.67,38.3,0.46,21.0,26.2,31.64,1-Feb-20,False
Hill's Science Diet Adult Ocean Fish Entrée,0.67,38.3,0.46,21.2,29.5,33.27,1-Feb-20,False
Cats in the Kitchen Chick Magnet Pouch,0.67,59.0,0.4,18.1,19.3,23.0,26-Jan-20,False
Hill’s Science Diet Youthful Vitality 7+ Salmon & Vegetable Stew,0.68,39.4,0.31,18.0,34.1,25.52,1-Feb-20,False
Hill's Science Diet Adult 7+ Tender Chicken Dinner,0.68,46.1,0.36,21.6,25.9,30.0,1-Feb-20,False
Fussie Cat Super Premium Chicken with Vegetable,0.68,66.38,0.23,7.89,,23.02,5-Dec-19,True
RAWZ Shredded Chicken Breast & Egg Pouch,0.68,68.4,0.35,12.81,7.87,23.58,3-Dec-19,False
Hill's Science Diet Adult 7+ Savory Beef Entrée,0.69,39.5,0.38,22.7,27.6,28.91,1-Feb-20,False
Hill's Science Diet Adult Tender Ocean Fish Dinner,0.69,40.7,0.41,18.4,32.8,27.82,1-Feb-20,False
Hill's Science Diet Sensitive Stomach & Skin Chicken & Vegetable Entrée,0.7,35.2,0.4,23.9,34.6,30.0,1-Feb-20,False
Halo Grain-Free Turkey and Chickpea Senior,0.7,39.3,0.3,35.0,,32.73,30-Jan-20,False
Halo Holistic Gluten-Free Turkey and Quail Indoor,0.7,41.2,0.5,43.5,5.31,33.64,30-Jan-20,False
Wysong Uretic with Organic Chicken,0.7,41.6,0.6,24.3,11.1,31.64,16-Oct-19,False
Wysong Epigen Salmon,0.7,44.3,0.5,31.4,8.8,36.43,16-Oct-19,False
Wysong Epigen Chicken,0.7,45.5,0.5,35.7,7.2,37.98,16-Oct-19,False
Wysong Epigen Rabbit,0.7,46.0,0.5,38.7,4.0,43.57,16-Oct-19,False
Koha Poké Bowl Tuna & Beef Entrée in Grav,0.7,61.5,2.1,18.25,10.95,25.45,27-Nov-19,True
Evanger's Beef it Up,0.71,37.94,0.35,22.34,8.6,44.17,25-Jan-17,False
Weruva What a Crock Pouch,0.71,42.7,0.55,40.8,12.4,33.67,26-Jan-20,False
Best Feline Friend OMG Live N' Love Chicken & Lamb Ground in Gravy,0.71,42.9,0.56,40.8,11.5,36.07,27-Jan-20,False
Weruva Goody Stew Shoes,0.71,43.2,0.59,39.8,13.0,31.27,26-Jan-20,False
Weruva Simmer Down Pouch,0.71,44.0,0.59,38.0,13.9,32.33,26-Jan-20,False
Weruva Stew's Clues,0.71,44.6,0.59,37.3,14.1,31.82,26-Jan-20,False
Dave’s Naturally Healthy Grain-Free Chicken and Herring Dinne,0.71,44.6,0.71,34.7,12.67,38.36,7-Nov-19,True
Best Feline Friend PLAY Cherish Chicken Pâté Pouch,0.71,47.1,0.6,40.7,7.6,31.33,27-Jan-20,False
Best Feline Friend PLAY Tiptoe Chicken & Turkey  Pâté Pouch,0.71,47.5,0.6,40.1,7.7,31.0,27-Jan-20,False
Best Feline Friend PLAY Checkmate Chicken Pâté,0.71,47.7,0.61,40.0,7.7,30.73,27-Jan-20,False
Soulistic Chicken Dinner Pâté,0.71,47.7,0.61,40.0,7.7,30.91,27-Jan-20,False
Best Feline Friend PLAY Topsy Turvy Chicken & Turkey Pâté,0.71,48.1,0.61,39.4,7.8,30.55,27-Jan-20,False
Soulistic Chicken & Turkey Dinner Pâté,0.71,48.1,0.61,39.4,7.8,30.73,27-Jan-20,False
Hill's Healthy Advantage Adult Chicken Entree,0.72,40.4,0.4,18.0,35.2,29.27,1-Feb-20,False
Best Feline Friend OMG Shine Bright Chicken & Salmon in Gravy Pouch,0.72,42.1,0.55,42.4,11.2,37.14,27-Jan-20,False
Best Feline Friend OMG Stir It Up Chicken & Salmon Ground in Gravy,0.72,42.6,0.56,41.8,11.3,36.55,27-Jan-20,False
Hill’s Science Diet Sensitive Stomach & Skin Tuna & Vegetable Entrée,0.72,44.7,0.46,21.5,26.4,29.66,1-Feb-20,False
Best Feline Friend OMG Devour Me Tuna & Duck Pouch,0.72,62.6,0.64,16.1,14.6,21.0,27-Jan-20,False
Soulistic Moist & Tender Tuna & Duck in Gravy Pouch,0.72,62.61,0.64,16.11,14.61,20.73,27-Jan-20,False
Fussie Cat Super Premium Chicken in Grav,0.72,68.56,0.26,8.87,,23.79,5-Dec-19,True
Hill's Science Diet Adult Hairball Control Ocean Fish Entrée,0.73,37.7,0.44,22.7,23.7,32.73,1-Feb-20,False
Performatrin Senior Chicken & Turkey Formula,0.73,40.7,0.4,31.5,18.2,31.45,28-Nov-19,False
Best Feline Friend OMG Text Me Chicken & Turkey in Gravy Pouch,0.73,42.2,0.55,42.2,11.2,37.5,27-Jan-20,False
Redbarn Naturals Beef Pâté for Urinary Support,0.73,42.92,0.39,30.55,20.4,31.64,31-Oct-19,False
Best Feline Friend OMG Charge Me Up Chicken in Gravy Pouch,0.73,43.8,0.56,40.9,10.9,36.79,27-Jan-20,False
Best Feline Friend OMG Cloud 9 Chicken Ground in Gravy,0.73,44.3,0.57,40.3,11.0,35.82,27-Jan-20,False
Soulistic Good Karma Chicken in Gravy Pouch,0.73,69.17,0.13,11.65,15.87,23.09,27-Jan-20,False
Hill’s Science Diet Youthful Vitality Adult 7+ Chicken & Vegetable Stew,0.74,35.7,0.42,17.9,38.3,23.45,1-Feb-20,False
Hill's Science Diet Adult Healthy Cuisine Seared Tuna & Carrot Medley,0.74,39.1,0.53,20.8,30.4,25.36,1-Feb-20,False
Performatrin Ultra Grain-Free Senior Chicken Pâté,0.74,48.0,0.48,28.0,13.5,28.55,21-Jan-20,False
Koha Poké Bowl Tuna & Pumpkin Entrée in Grav,0.74,60.32,2.59,15.71,13.23,24.55,27-Nov-19,True
Koha Poké Bowl Tuna & Salmon Entrée in Grav,0.74,61.27,2.35,14.17,12.4,24.91,27-Nov-19,True
Fussie Cat Super Premium Chicken with Eg,0.74,67.38,0.26,10.9,,25.23,5-Dec-19,True
Truluxe On The Cat Wok,0.74,69.1,0.12,22.8,4.9,16.5,26-Jan-20,False
PetGuard Organic Chicken & Vegetable Formula,0.75,36.36,0.29,31.8,7.3,36.5,18-Dec-19,False
Evanger's Chicken Lickin',0.75,37.97,0.38,22.56,7.6,38.0,25-Jan-17,False
Identity 95% Free-Range Canadian Duck,0.75,39.19,0.29,35.28,5.27,31.45,20-Jan-20,False
Koha Grain-Free Limited Ingredient Beef Pât,0.75,49.88,0.42,40.65,3.57,36.0,13-Aug-19,True
Best Feline Friend OMG Tell Me Tuna & Turkey Minced in Gravy,0.75,61.1,0.66,18.5,13.3,20.73,27-Jan-20,False
Best Feline Friend OMG Start Me Up Tuna & Salmon Minced in Gravy,0.75,61.4,0.65,18.6,13.0,20.73,27-Jan-20,False
Best Feline Friend OMG Chase Me Tuna & Chicken Minced in Gravy,0.75,61.5,0.64,18.6,12.9,20.73,27-Jan-20,False
Fussie Cat Super Premium Chicken with Duc,0.75,65.21,0.27,12.95,,25.57,5-Dec-19,True
Hill's Science Diet Adult Savory Turkey Entrée,0.76,33.9,0.3,26.1,29.3,33.64,1-Feb-20,False
Hill's Science Diet Adult Urinary Hairball Control Savory Chicken Entrée,0.76,36.3,0.34,21.1,26.3,28.91,1-Feb-20,False
Hill's Science Diet Adult Healthy Cuisine Poached Salmon & Spinach Medley,0.76,36.9,0.36,25.2,28.5,28.21,1-Feb-20,False
Hill's Science Diet Adult Perfect Weight Liver & Chicken Entrée,0.76,38.4,0.36,13.0,31.3,24.83,1-Feb-20,False
Identity 95% Free Range Quail & Turkey,0.77,41.92,0.32,26.63,8.03,26.55,20-Jan-20,False
Best Feline Friend OMG Be Happy Chicken & Beef Ground in Gravy,0.77,42.3,0.58,42.6,10.5,36.55,27-Jan-20,False
Best Feline Friend OMG Dream Team Chicken & Duck Ground in Gravy,0.77,42.6,0.57,41.8,11.2,36.55,27-Jan-20,False
Identity 95% Free-Range Heritage Turkey,0.77,46.46,0.35,24.42,10.01,27.45,20-Jan-20,False
Weruva Grandma's Chicken Soup,0.77,61.1,0.55,12.3,23.7,19.27,26-Jan-20,False
Cats in the Kitchen La Isla Bonita,0.77,66.5,0.56,24.9,4.5,18.17,26-Jan-20,False
Cats in the Kitchen Pumpkin Lickin' Chicken Pouch,0.77,70.6,0.23,11.5,13.9,20.0,26-Jan-20,False
Truluxe Meow Me A River,0.77,82.6,0.35,10.7,1.3,18.0,26-Jan-20,False
Hill's Science Diet Adult Turkey & Liver Entrée,0.78,35.3,0.33,29.5,24.1,34.0,1-Feb-20,False
Identity 95% Sustainable Atlantic Salmon & Herring,0.78,41.12,0.35,32.57,10.51,29.09,20-Jan-20,False
Hill's Science Diet Kitten Tender Chicken Dinner,0.78,45.5,0.33,25.3,19.2,28.18,1-Feb-20,False
Best Feline Friend OMG Lights Out Tuna & Lamb Minced in Gravy,0.78,60.7,0.66,18.5,13.4,20.73,27-Jan-20,False
Soulistic Golden Fortune Chicken & Tuna in Pumpkin Soup,0.78,62.78,0.32,12.22,19.44,20.0,27-Jan-20,False
Best Feline Friend OMG Baby Cakes Tuna & Beef in Gravy Pouch,0.78,62.9,0.64,13.4,17.0,20.0,27-Jan-20,False
Soulistic Moist & Tender Tuna & Beef Dinner in Gravy Pouch,0.78,62.91,0.64,13.41,16.98,20.0,27-Jan-20,False
Koha Poké Bowl Tuna & Chicken Entrée in Grav,0.78,65.69,2.6,17.75,7.06,25.64,27-Nov-19,True
Hill's Science Diet Adult Hairball Control Savory Chicken Entrée,0.79,33.7,0.46,24.2,24.9,30.36,1-Feb-20,False
Hill's Science Diet Adult Savory Salmon Entrée,0.79,36.6,0.34,25.9,27.4,33.64,1-Feb-20,False
Hill's Science Diet Perfect Weight Roasted Vegetables & Chicken Medley,0.79,38.8,0.45,11.9,33.3,21.38,1-Feb-20,False
Hill's Science Diet Adult Liver & Chicken Entrée,0.79,41.4,0.31,20.2,27.0,28.36,1-Feb-20,False
Soulistic Sweet Salutations Chicken & Tuna Dinner in Gravy,0.79,59.63,0.22,13.68,22.68,21.82,27-Jan-20,False
Koha Poké Bowl Tuna & Lamb Entrée in Grav,0.79,61.4,2.6,14.7,12.33,25.82,27-Nov-19,True
Soulistic Moist & Tender Tuna & Turkey Dinner in Gravy Pouch,0.79,62.68,0.61,15.26,15.74,21.82,27-Jan-20,False
Best Feline Friend OMG Tickles Tuna & Turkey in Gravy Pouch,0.79,62.7,0.61,15.3,15.7,23.67,27-Jan-20,False
Best Feline Friend OMG Charm Me Tuna & Chicken in Gravy Pouch,0.79,67.8,0.65,15.2,10.8,17.67,27-Jan-20,False
Soulistic Moist & Tender Tuna & Chicken Dinner in Gravy Pouch,0.79,67.81,0.65,15.17,10.84,20.36,27-Jan-20,False
Soulistic Seaside Serenity Salmon & Tuna Dinner in Gravy,0.79,68.02,0.48,13.37,14.55,23.09,27-Jan-20,False
Truluxe Peking Ducken,0.79,72.3,0.23,13.9,10.6,18.67,26-Jan-20,False
Merrick Limited Ingredient Grain-Free Duck,0.8,30.4,0.3,52.4,5.54,26.2,26-Jun-19,False
Hill's Science Diet Adult Light Liver & Chicken Entrée,0.8,36.7,0.45,15.0,34.6,26.73,1-Feb-20,False
Whole Earth Farms Grain-Free Real Salmon Morsels in Gravy,0.8,43.8,0.99,28.5,14.53,24.0,25-Oct-19,False
Wysong Epigen Beef,0.8,46.0,0.5,38.3,4.5,41.94,16-Oct-19,False
"Halo Holistic Sensitive Stomach Grain-Free Chicken, Egg & Garden Greens Pâté",0.8,46.2,0.4,40.4,7.3,33.09,30-Jan-20,False
My Perfect Pet Toby's Turkey Carnivore Grain-Free Blend,0.8,58.1,1.3,15.3,,50.75,26-Jan-20,False
"Cats in the Kitchen 1 if By Land, 2 if by Sea Pouch",0.8,62.7,0.68,13.8,18.9,20.0,26-Jan-20,False
Koha Poké Bowl Tuna & Shrimp Entrée in Grav,0.8,65.83,2.46,15.18,8.59,24.73,27-Nov-19,True
Wellness Healthy Indulgence Shreds with Chicken & Turkey Pouch,0.81,32.26,0.76,31.09,25.5,19.0,1-Feb-20,False
"Best Feline Friend PLAY Take a Chance Chicken, Duck & Turkey Pâté",0.81,48.5,0.62,39.2,7.9,30.36,27-Jan-20,False
Cats in the Kitchen Chicken Frick 'A Zee,0.81,67.4,0.21,25.8,2.7,23.83,26-Jan-20,False
Weruva Mideast Feast,0.81,69.8,0.44,15.1,8.0,21.45,26-Jan-20,False
Nature's Logic Beef Feast,0.82,42.8,0.61,38.5,3.3,45.82,15-Nov-20,False
Best Feline Friend PLAY Laugh Out Loud Chicken & Lamb Pâté,0.82,47.6,0.62,40.2,7.7,31.09,27-Jan-20,False
Soulistic Moist & Tender Chicken Dinner in Gravy Canned,0.82,50.72,0.58,30.43,10.77,27.82,27-Jan-20,False
Weruva Press Your Lunch! Chicken Pâté,0.82,58.8,0.31,27.3,7.9,18.73,26-Jan-20,False
Weruva Funky Chunky,0.82,60.3,0.31,13.9,22.8,17.45,26-Jan-20,False
"Soulistic Triple Harmony Chicken, Salmon & Tuna Dinner in Gravy Pouch",0.82,60.93,0.39,9.84,24.86,20.0,27-Jan-20,False
Cats in the Kitchen Love Me Tender Pouch,0.82,63.9,0.22,12.5,19.5,21.33,26-Jan-20,False
Soulistic Pure Bliss Tuna Whole Meat Dinner in Gravy,0.82,64.23,0.23,10.2,21.58,21.45,27-Jan-20,False
Weruva Paw Lickin' Chicken & Beef,0.82,77.0,0.24,15.7,3.9,19.09,26-Jan-20,False
Soulistic Autumn Bounty Chicken Dinner in Pumpkin Soup Pouch,0.82,78.32,0.13,7.61,9.73,19.45,27-Jan-20,False
Soulistic Aromatic Chicken Dinner in Gelee,0.82,79.81,0.11,13.29,1.08,17.82,27-Jan-20,False
Stella and Chewy's Marvelous Morsels Grain-Free Cage Free Chicke,0.83,42.9,1.05,14.3,2.57,27.09,3-Dec-19,True
Best Feline Friend OMG  Luv Ya Tuna & Lamb in Gravy Pouch,0.83,62.8,0.6,14.0,17.5,19.0,27-Jan-20,False
Soulistic Moist & Tender Tuna & Lamb Dinner in Gravy Pouch,0.83,62.85,0.6,13.99,17.46,21.82,27-Jan-20,False
Soulistic Nautical Nirvana Tuna & Skipjack Dinner in Gravy,0.83,64.86,0.37,14.68,16.33,25.27,27-Jan-20,False
Best Feline Friend OMG Crazy 4 U! Chicken & Salmon Minced in Gravy,0.84,59.7,0.47,25.0,9.7,20.18,27-Jan-20,False
Weruva Nine Liver,0.84,70.5,0.22,16.1,10.3,19.82,26-Jan-20,False
VeRUS Grain-Free Beef Pâté,0.85,43.0,0.58,28.1,0.0,33.82,27-Jan-20,False
Cats in the Kitchen Meowisss Bueller Pâté Pouch,0.85,53.9,0.44,31.3,9.7,23.0,26-Jan-20,False
Soulistic Chicken & Lamb Pâté Pouch,0.85,53.9,0.44,31.3,9.7,23.0,27-Jan-20,False
Soulistic Moist & Tender Turkey Dinner in Gravy Canned,0.85,54.73,0.5,30.35,7.56,27.09,27-Jan-20,False
"Cats in the Kitchen Mack, Jack & Sam Pouch",0.85,61.0,0.4,13.6,21.0,21.0,26-Jan-20,False
Soulistic Good Karma Chicken Dinner in Gravy Can,0.85,65.6,0.42,12.0,18.75,22.55,27-Jan-20,False
Identity 95% Grass-Fed Angus Beef,0.86,40.14,0.35,37.31,3.99,29.09,20-Jan-20,False
Best Feline Friend OMG Seeya Sooner! Chicken & Tuna in Gravy Pouch,0.86,59.3,0.38,28.4,7.1,21.07,27-Jan-20,False
Best Feline Friend OMG Ciao Baby! Chicken & Shrimp in Gravy Pouch,0.86,60.7,0.49,24.8,9.0,20.0,27-Jan-20,False
Hill's Science Diet Kitten Healthy Cuisine Roasted Chicken & Rice Medley,0.87,38.0,0.55,24.1,28.9,25.36,1-Feb-20,False
Best Feline Friend PLAY Destiny Chicken & Duck Pâté Pouch,0.87,47.8,0.62,39.9,7.7,30.67,27-Jan-20,False
Soulistic Aqua Grill Tilapia & Tuna Dinner in Gravy,0.87,59.6,0.51,12.72,23.06,19.45,27-Jan-20,False
Dave’s Naturally Healthy Grain-Free Turkey & Salmon Dinne,0.88,42.29,0.33,28.5,3.5,33.82,7-Nov-19,True
Wellness Core Tiny Tasters Tuna Pouch,0.88,48.75,1.17,34.63,7.56,36.0,1-Feb-20,False
Best Feline Friend OMG QT Patootie! Chicken & Turkey Minced in Gravy,0.88,60.3,0.48,21.9,12.3,19.45,27-Jan-20,False
Newman's Own Beef & Vegetable Grain-Free Stew,0.88,61.0,0.11,13.0,3.8,33.64,14-Nov-19,False
Newman's Own Beef Liver & Vegetable Grain-Free Stew,0.88,61.0,0.11,13.0,3.8,34.55,14-Nov-19,False
"Newman's Own Lamb, Liver & Vegetable Stew",0.88,61.0,0.11,13.0,3.8,42.55,14-Nov-19,False
Lotus Grain-Free Just Juicy Turkey Stew,0.88,68.01,0.84,13.61,12.65,26.98,28-Jan-20,False
Truluxe Mediterranean Harvest,0.88,69.2,0.74,9.2,14.2,20.5,26-Jan-20,False
Identity 95% Free-Range Cobb Chicken,0.89,40.13,0.41,27.02,10.71,27.64,20-Jan-20,False
Stella and Chewy's Marvelous Morsels Chicken & Salmo,0.89,41.2,1.08,13.7,2.97,27.27,3-Dec-19,True
Cats in the Kitchen Fowl Ball,0.89,57.1,0.28,32.2,5.8,22.33,26-Jan-20,False
Nutrisca Truly Shredded Chicken & Chicken Liver Entrée In Savory Brot,0.89,58.9,0.35,24.4,8.9,27.41,21-Jan-20,True
Best Feline Friend OMG Love Munchkin! Chicken & Pumpkin Minced in Gravy,0.89,59.1,0.45,25.2,10.0,19.45,27-Jan-20,False
Best Feline Friend OMG Belly Rubs Tuna & Beef Minced in Gravy,0.89,61.1,0.69,18.5,12.1,20.71,27-Jan-20,False
Best Feline Friend OMG Dilly Dally Tuna & Duck Minced in Gravy,0.89,61.7,0.67,18.6,13.1,20.73,27-Jan-20,False
Halo Grain-Free Chicken and Chickpeas Senior,0.9,40.5,0.4,29.6,18.2,33.09,30-Jan-20,False
GO! Solutions Sensitivities Limited Ingredient Grain-Free Pollock Pâté,0.9,42.0,0.36,18.0,33.0,23.94,31-Oct-19,False
Open Farm Herring & Mackerel Rustic Blend,0.9,44.99,0.64,26.31,15.38,22.73,17-Jan-20,False
Weruva Stir the Pot Pouch,0.9,45.2,0.61,32.1,15.3,28.67,26-Jan-20,False
Open Farm Wild-Caught Salmon Rustic Blend,0.9,47.18,0.64,26.31,13.19,24.55,17-Jan-20,False
Halo Holistic Sensitive Stomach Grain-Free Guinea Fowl & Garden Greens Pâté,0.9,48.3,0.4,35.0,9.3,33.64,30-Jan-20,False
FirstMate Wild Pacific Salmon & Rice,0.9,50.0,0.8,14.0,16.0,22.0,25-Nov-19,False
FirstMate Limited Ingredient Wild Salmon Formula,0.9,50.0,0.8,14.0,26.0,22.0,25-Nov-19,False
FirstMate Wild Salmon & Wild Tuna 50/50 Formula,0.9,50.0,0.8,18.0,19.0,27.0,25-Nov-19,False
Kasiks Grub Formula,0.9,55.0,0.9,18.0,18.0,24.0,1-Dec-19,False
Wellness Core Signature Selects Flaked Skipjack Tuna With Wild Salmon in Broth,0.9,55.96,0.61,22.02,15.75,25.09,1-Feb-20,False
Dave’s Naturally Healthy Grain-Free Tuna and Salmon Dinner in Aspi,0.9,58.5,0.62,26.1,5.7,27.09,7-Nov-19,True
Aujus by RAWZ Aku Tuna & Mackerel in a Silky Broth Pouch,0.9,65.62,0.6,13.2,13.82,23.17,3-Dec-19,False
Tiki Cat Grain-Free After Dark Chicke,0.9,75.0,,18.75,0.0,20.36,30-Jan-20,True
Best Feline Friend Originals 4EVA Tuna & Chicken Minced in Gravy,0.9,75.5,0.58,13.1,2.5,23.27,27-Jan-20,False
RAWZ Shredded Chicken & Pumpkin,0.9,80.33,0.3,9.0,1.86,23.45,3-Dec-19,False
Aujus by RAWZ Chicken Breast & Pumpkin in a Silky Broth Pouch,0.9,80.33,0.3,9.0,1.86,24.39,3-Dec-19,False
RAWZ Shredded Chicken Breast & Cheese Pouch,0.9,80.33,0.3,9.0,11.8,23.98,3-Dec-19,False
Truluxe Pretty In Pink,0.9,80.6,0.69,13.4,0.0,17.67,26-Jan-20,False
Dave’s 95% Premium Meat Beef & Beef Liver Pât,0.91,33.73,0.32,31.21,6.36,31.09,7-Nov-19,True
Dave's Cat's Meow Chicken with Lam,0.91,42.56,1.73,26.65,16.91,32.0,7-Nov-19,True
Wellness Core Tiny Tasters Chicken Pouch,0.91,46.08,0.91,42.6,2.05,40.0,1-Feb-20,False
"Chicken Soup for the Soul Classic Weight & Mature Care Ocean Fish, Chicken & Turkey Pâté",0.91,46.97,0.39,19.29,23.08,27.27,28-Oct-19,False
Best Feline Friend PLAY Best Buds Chicken & Beef Pâté,0.91,49.3,0.66,37.8,7.9,30.0,27-Jan-20,False
Soulistic Midnight Delight Mackerel & Tuna Dinner in Gravy Pouch,0.91,59.95,0.22,13.71,21.73,22.55,27-Jan-20,False
Koha Poké Bowl Tuna & Turkey Entrée in Grav,0.91,61.54,2.12,18.46,9.13,25.64,27-Nov-19,True
Performatrin Ultra Grain-Free Tuna Bisque,0.91,63.0,1.03,14.0,9.1,26.36,21-Jan-20,False
RAWZ Shredded Tuna & Chicken,0.91,66.8,0.61,15.5,8.08,23.45,3-Dec-19,False
RAWZ Shredded Tuna  & Salmon,0.91,66.8,0.61,15.5,8.08,24.0,3-Dec-19,False
Aujus by RAWZ Aku Tuna & Salmon in a Silky Broth Pouch,0.91,66.82,0.61,15.51,10.57,24.39,3-Dec-19,False
RAWZ Shredded Chicken & Chicken Liver,0.91,81.4,0.3,9.0,1.05,24.36,3-Dec-19,False
Aujus by RAWZ Chicken Breast & Chicken Liver in a Silky Broth Pouch,0.91,81.4,0.3,9.0,1.05,24.8,3-Dec-19,False
Nature's Harvest Adult Grain-Free Ocean Fish Pâté,0.92,38.05,0.32,30.36,18.21,29.09,2-Dec-19,False
VeRUS Grain-Free Turkey Pâté,0.92,40.2,0.77,29.7,14.27,34.55,27-Jan-20,False
Wellness Core Tiny Tasters Chicken & Beef Pouch,0.92,43.64,0.87,38.77,8.74,37.14,1-Feb-20,False
Dave's Cat's Meow Beef with Lam,0.92,44.21,1.55,25.31,18.51,33.64,7-Nov-19,True
Weruva Stewy Lewis,0.92,45.8,0.62,31.3,15.5,28.18,26-Jan-20,False
"RAWZ Shredded Chicken Breast, Pumpkin & New Zealand Green Mussels Pouch",0.92,66.44,0.35,12.54,10.33,23.17,3-Dec-19,False
Soulistic Double Happiness Tuna & Crab Surimi Dinner in Gelee,0.92,69.64,0.62,22.05,2.15,24.18,27-Jan-20,False
RAWZ Shredded Chicken & Duck,0.92,80.06,0.33,9.04,1.01,24.55,3-Dec-19,False
Aujus by RAWZ Chicken Breast & Duck in a Silky Broth Pouch,0.92,83.84,0.33,9.0,0.57,24.39,3-Dec-19,False
Wellness Healthy Indulgence Gravies Chicken & Turkey Pouch,0.93,34.21,0.78,29.5,24.33,19.0,1-Feb-20,False
Dave’s 95% Premium Meat Turkey & Turkey Liver Pât,0.93,34.94,0.32,31.24,4.6,30.73,7-Nov-19,True
AvoDerm Grain-Free Chicken & Duck Entrée in Gravy,0.93,42.72,0.22,23.27,13.9,27.33,15-Oct-19,False
Organix Grain-Free Organic Shredded Chicken,0.93,44.2,0.74,29.7,14.42,31.64,29-Oct-19,False
Wellness Core Signature Selects Shredded Chicken & Chicken Liver in Gravy,0.93,44.53,0.48,15.95,32.89,23.77,1-Feb-20,False
Truluxe Glam 'N Punk,0.93,54.0,0.49,38.4,1.0,34.67,26-Jan-20,False
Wellness Core Signature Selects Flaked Skipjack Tuna With Shrimp Entrée in Broth,0.93,56.54,0.67,20.09,17.01,24.53,1-Feb-20,False
"Best Feline Friend OMG Purr-fect Plannin'! Chicken, Turkey & Salmon in Gravy Pouch",0.93,59.1,0.46,27.8,7.5,20.36,27-Jan-20,False
Cats in the Kitchen Cattyshack Pâté Pouch,0.93,59.5,0.3,22.9,11.0,20.67,26-Jan-20,False
Natural Balance Delectable Delights O'Fishally Scampi Stew,0.93,60.69,0.55,19.74,10.79,24.0,9-Jan-17,False
Soulistic Island Illusion Salmon & Tuna Dinner in Pumpkin Soup Pouch,0.93,65.06,0.55,14.2,15.62,18.55,27-Jan-20,False
AvoDerm Indoor Weight Control,0.94,35.81,0.29,20.61,22.0,27.45,15-Oct-19,False
Organix Grain-Free Organic Chicken Pâté,0.94,45.1,0.85,39.2,5.9,35.27,29-Oct-19,False
Rayne Clinical Nutrition Kangaroo-MAINT,0.94,51.66,0.42,19.39,22.99,29.64,27-Nov-19,False
Best Feline Friend OMG Sweet Cheeks Tuna & Salmon in Gravy Pouch,0.94,66.1,0.67,10.5,14.0,17.33,27-Jan-20,False
Soulistic Moist & Tender Tuna & Salmon Dinner in Gravy Pouch,0.94,66.14,0.67,10.53,13.98,18.0,27-Jan-20,False
Soulistic Polynesian Picnic Chicken & Tilapia Dinner in Gelee,0.94,74.44,0.55,11.88,6.81,17.45,27-Jan-20,False
Merrick Backcountry Real Duck Cuts,0.95,49.21,1.4,26.27,15.55,28.33,26-Nov-19,False
Rayne Clinical Nutrition Rabbit-MAINT,0.95,49.81,0.33,20.3,24.44,30.18,27-Nov-19,False
Earthborn Holistic Grain-Free Chicken Fricatssee,0.95,52.55,0.26,14.48,29.41,29.4,15-Jan-20,False
Earthborn Holistic Grain-Free Chicken Catcciatori,0.95,60.54,0.26,12.45,22.22,25.8,15-Jan-20,False
Lotus Grain-Free Rabbit Pâté,0.96,37.23,0.64,33.36,20.61,34.88,28-Jan-20,False
Wellness Core Signature Selects Chunky Chicken & Turkey in Sauce,0.96,39.37,0.53,18.96,34.09,25.28,1-Feb-20,False
Wellness Core Signature Selects Shredded Chicken & Turkey in Gravy,0.96,43.94,0.48,16.36,32.82,24.15,1-Feb-20,False
Dave's Naturally Healthy Grain-Free Beef & Chicken Pât,0.96,46.15,0.38,41.08,1.5,35.36,11-Nov-19,True
Fromm Beef & Venison Pâté,0.96,49.74,0.96,25.83,,28.18,31-Jan-20,False
Merrick Backcountry Real Turkey Cuts,0.96,50.3,1.42,26.45,14.53,28.0,26-Nov-19,False
AvoDerm Grain-Free Chicken Chunks Entrée in Gravy,0.96,62.12,1.65,18.85,22.2,22.0,15-Oct-19,False
Cats in the Kitchen Pumpkin Jack Splash Pouch,0.96,72.0,0.31,8.4,14.4,19.0,26-Jan-20,False
Natural Balance L.I.D. Limited Ingredient Chicken & Pumpkin in Broth,0.96,76.29,0.69,13.49,3.01,24.36,9-Jan-17,False
Best Feline Friend Originals Soulmates Tuna & Salmon Minced in Geleé,0.96,77.0,0.61,15.1,2.7,23.27,27-Jan-20,False
Best Feline Friend Originals Be Mine Tuna & Bonito Minced in Geleé,0.96,77.5,0.61,14.2,2.7,23.82,27-Jan-20,False
Wellness Core Tiny Tasters Chicken & Turkey Pouch,0.97,44.85,0.89,39.68,5.91,38.29,1-Feb-20,False
AvoDerm Grain-Free Salmon & Chicken Entrée in Gravy,0.97,46.04,0.22,21.62,13.9,25.0,15-Oct-19,False
Weruva Jeopurrdy Licious Chicken Breast Pâté Pouch,0.97,50.5,0.27,37.7,6.1,31.27,26-Jan-20,False
President's Choice Extra Meaty Poached Trout,0.97,54.58,0.93,33.39,3.39,,12-Dec-19,False
"AvoDerm Grain-Free Sardine, Shrimp & Crab Entrée in Gravy",0.97,58.89,0.37,11.87,5.6,22.66,15-Oct-19,False
Weruva Family Food Chicken Breast Pâté with Tuna Pouch,0.97,59.5,0.4,36.4,0.0,23.82,26-Jan-20,False
"RAWZ Shredded Salmon, Aku Tuna & Tuna Oil Pouch",0.97,61.36,0.74,22.41,7.54,26.02,3-Dec-19,False
RAWZ Shredded Chicken Breast & Coconut Oil Pouch,0.97,61.36,0.74,22.41,7.82,26.83,3-Dec-19,False
Dave’s Naturally Healthy Grain-Free Tuna Entrée in Grav,0.97,62.0,0.46,17.7,11.2,26.36,7-Nov-19,True
Wellness Core Tiny Tasters Tuna & Salmon Pouch,0.97,66.21,1.54,17.47,6.05,29.71,1-Feb-20,False
Weruva Green Eggs & Chicken,0.97,67.5,0.27,17.5,11.0,21.27,26-Jan-20,False
Soulistic Shrimply Divine Tuna & Shrimp Dinner in Gelee,0.97,73.81,0.44,19.89,0.0,21.27,27-Jan-20,False
Best Feline Friend Originals Sweethearts Tuna & Shrimp Minced in Gravy,0.97,75.3,0.62,16.1,2.7,22.91,27-Jan-20,False
Best Feline Friend Originals Too Cool Tuna Minced in Geleé,0.97,76.9,0.62,13.1,2.7,23.09,27-Jan-20,False
Soulistic Luna Tuna Runa Dinner in Pumpkin Soup Pouch,0.97,79.09,0.28,10.29,5.37,19.09,27-Jan-20,False
Best Feline Friend Originals Chuckles Tuna & Chicken Minced in Geleé,0.97,80.1,0.62,14.0,2.7,23.45,27-Jan-20,False
RAWZ Shredded Chicken,0.97,81.8,0.3,9.0,0.61,23.64,3-Dec-19,False
Stella and Chewy's Marvelous Morsels Grain-Free Cage Free  Turke,0.98,39.1,0.42,17.4,3.72,27.45,3-Dec-19,True
Nature's Harvest Adult Grain-Free Duck Pâté,0.98,41.3,0.37,27.5,17.53,24.55,2-Dec-19,False
Redbarn Naturals Grain-Free Beef Stew,0.98,45.37,1.42,23.3,20.8,24.67,31-Oct-19,False
Lotus Grain-Free Just Juicy Chicken Stew,0.98,66.24,0.68,15.96,12.88,27.36,28-Jan-20,False
Best Feline Friend Originals Twosome Tuna & Tilapia Minced in Geleé,0.98,79.3,0.63,14.1,2.7,23.09,27-Jan-20,False
Wellness Core Signature Selects Shredded Chicken & Beef in Gravy,0.99,45.53,0.48,15.58,31.79,23.96,1-Feb-20,False
Lovibles One Cool Chick,0.99,45.9,2.49,29.6,12.0,25.68,21-Jan-20,False
Weruva Jolly Good Fares Chicken & Salmon Pâté,0.99,61.1,0.29,22.9,9.5,21.27,26-Jan-20,False
Fancy Feast Medleys Wild Salmon Primavera with Garden Veggies & Greens,0.99,56.9,,13.6,17.6,21.67,7-Aug-20,False
Cats in the Kitchen Cat to the Future Pâté Pouch,0.99,61.1,0.29,22.9,9.5,21.33,26-Jan-20,False
Soulistic Chicken & Salmon Pâté Pouch,0.99,61.1,0.29,22.9,9.5,21.33,27-Jan-20,False
Truluxe Kawa Booty,0.99,69.6,1.06,15.8,6.4,18.67,26-Jan-20,False
Cats in the Kitchen Funk in the Trunk,0.99,72.0,0.38,13.5,8.9,17.83,26-Jan-20,False
Catered Bowl Antibiotic-Free Turkey & Brown Ric,1.0,30.0,0.36,18.4,39.0,33.64,11-Nov-19,True
Tender & True Antibiotic-Free Turkey & Brown Ric,1.0,30.0,0.36,18.4,39.0,33.64,11-Nov-19,True
GO! Solutions Sensitivities Limited Ingredient Grain-Free Duck Pâté,1.0,36.0,0.64,26.0,31.0,28.66,31-Oct-19,False
PetGuard Weight Management Chicken & Stew Dinner,1.0,37.5,0.32,16.6,33.1,27.0,18-Dec-19,False
PetGuard Weight Management Turkey & Barley Dinner,1.0,38.6,0.3,15.9,28.6,28.3,18-Dec-19,False
NOW! Fresh Pork Pâté,1.0,39.0,0.32,19.0,35.0,31.59,31-Oct-19,False
Nature's Harvest Kitten Grain-Free Chicken Pâté,1.0,40.64,0.38,34.1,12.73,31.27,2-Dec-19,False
Halo Gluten-Free Chicken and Trout Indoor,1.0,44.5,0.6,38.2,9.04,33.64,30-Jan-20,False
PetGuard Premium Feast Dinner,1.0,45.4,0.37,22.7,17.7,31.0,18-Dec-19,False
Rayne Clinical Nutrition Growth/Sensitive-GI,1.0,52.01,0.45,23.65,18.67,33.82,27-Nov-19,False
Kasiks Wild Caught Coho Salmon Formula,1.0,59.0,0.8,16.0,26.0,24.0,25-Nov-19,False
Best Feline Friend PLAY Tubular Chicken & Tuna Pâté Pouch,1.0,59.4,0.76,29.4,4.5,27.67,27-Jan-20,False
Natural Balance Delectable Delights Sea Brûlée Stew,1.0,59.41,0.67,20.1,12.42,28.0,9-Jan-17,False
Dave’s Naturally Healthy Grain-Free Tuna & Mackerel Dinner In Grav,1.0,62.4,0.44,17.5,11.2,17.64,7-Nov-19,True
Weruva Meows n' Holler PurrAmid Chicken & Shrimp Pâté,1.0,62.6,0.46,20.8,9.1,20.73,26-Jan-20,False
"Soulistic Tri-Fusion Tuna with Grilled Salmon, Beef & Duck Dinner in Gravy",1.0,63.83,0.48,12.44,19.45,22.73,27-Jan-20,False
Koha L.I.D. Shredded Chicken Entrée in Grav,1.0,68.98,1.12,21.34,1.12,23.82,27-Nov-19,True
AvoDerm Grain-Free Tuna & Chicken Entrée with Vegetables,1.0,69.8,0.5,19.33,16.7,27.0,15-Oct-19,False
Tiki Cat Grain-Free Succulent Chicken with Egg in Chicken Consommé (Koolina Luau,1.0,72.73,,18.18,0.0,25.0,30-Jan-20,True
Best Feline Friend Originals Valentine Tuna & Pumpkin Minced in Gravy,1.0,75.0,0.64,15.2,5.6,23.64,27-Jan-20,False
Tiki Cat Grain-Free Ahi Tuna with Crab in Tuna Consommé (Hana Grill,1.0,75.0,,16.67,0.0,26.79,30-Jan-20,True
Solid Gold Flavorful Feast Grain-Free Pâté with Salmon & Bee,1.01,35.0,0.52,24.0,34.2,29.33,22-Jan-20,True
Wellness Core Signature Selects Chunky Beef & Chicken in Sauce,1.01,40.63,0.53,14.57,36.74,23.58,1-Feb-20,False
Organix Grain-Free Organic Shredded Chicken and Chicken Liver,1.01,41.8,0.7,33.8,12.94,31.82,29-Oct-19,False
Performatrin Adult Grain-Free Beef Formula,1.01,47.9,0.69,35.8,6.7,35.0,28-Nov-19,False
Performatrin Ultra Grain-Free Trout Bisque,1.01,53.0,1.17,24.0,10.3,29.64,21-Jan-20,False
Tiki Cat Grain-Free Velvet Mousse Chicken with Eg,1.01,54.55,,36.36,,28.21,30-Jan-20,True
Cats in the Kitchen The Breakfast Cat Pâté Pouch,1.01,59.1,0.3,21.4,11.9,19.33,26-Jan-20,False
Soulistic Chicken & Pumpkin Pâté Pouch,1.01,59.1,0.3,21.4,11.9,19.33,27-Jan-20,False
Weruva Who Wants to be a Meowionaire? Chicken & Pumpkin Pâté,1.01,59.1,0.3,21.4,11.9,19.33,26-Jan-20,False
AvoDerm Grain-Free Tuna & Crab Entrée in Gravy,1.01,59.77,0.9,13.26,8.3,23.33,15-Oct-19,False
Best Feline Friend PLAY 'Til Then Chicken & Tuna Pâté,1.01,60.5,0.8,28.1,4.6,26.18,27-Jan-20,False
Soulistic Chicken & Tuna Pâté,1.01,60.5,0.8,28.1,4.6,26.36,27-Jan-20,False
Best Feline Friend PLAY Totes! Tuna & Turkey Pâté Pouch,1.01,66.7,0.6,24.0,2.9,27.33,27-Jan-20,False
Soulistic Upstream Dream Salmon & Tuna Dinner in Gelee,1.01,72.81,0.76,15.73,5.28,20.55,27-Jan-20,False
Cats in the Kitchen Goldie Lox,1.01,75.4,0.39,14.1,4.6,18.5,26-Jan-20,False
Lotus Grain-Free Turkey Pâté,1.02,35.64,0.73,28.14,25.54,27.12,28-Jan-20,False
Nature's Harvest Mature Grain-Free Chicken Pâté,1.02,38.24,0.38,32.05,16.24,29.09,2-Dec-19,False
Wellness Core Grain-Free 95% Beef & Chicken,1.02,49.41,0.39,39.8,1.38,37.64,1-Feb-20,False
Fromm Turkey & Duck Pâté,1.02,49.76,0.97,25.92,,30.36,31-Jan-20,False
Fromm Beef Pâté,1.02,53.3,1.08,21.09,,25.27,31-Jan-20,False
Caru Classics Natural Wild Salmon & Turkey Stew,1.02,59.49,1.07,16.08,15.76,22.33,25-Oct-20,False
Natural Balance Delectable Delights Catatouille Stew,1.02,63.52,0.55,19.27,9.33,24.0,9-Jan-17,False
Best Feline Friend PLAY Chill Out Tuna & Chicken Pâté Pouch,1.02,65.8,0.6,25.3,2.6,27.67,27-Jan-20,False
Best Feline Friend PLAY TTYL Tuna & Turkey Pâté,1.02,67.2,0.6,22.6,3.8,26.73,27-Jan-20,False
Weruva Tic Tac Whoa! Tuna & Salmon Pâté,1.02,75.2,0.56,7.9,9.0,14.18,26-Jan-20,False
Truluxe Quick 'N Quirky,1.02,78.6,0.36,13.8,0.5,17.17,26-Jan-20,False
Dave's Cat's Meow Chicken with Duc,1.03,38.24,1.78,26.85,21.1,32.36,7-Nov-19,True
Organix Grain-Free Organic Turkey Pâté,1.03,41.6,0.76,42.4,7.86,34.91,29-Oct-19,False
Best Feline Friend OMG Shazaam! Lamb & Tuna in Gravy Pouch,1.03,48.0,0.4,34.2,12.7,26.43,27-Jan-20,False
Performatrin Ultra Grain-Free Beef Stew,1.03,49.4,0.91,23.7,13.7,32.0,28-Nov-19,False
Performatrin Adult Grain-Free Beef & Liver Formula,1.03,49.6,0.51,33.5,7.3,33.0,28-Nov-19,False
Soulistic Moist & Tender Salmon Dinner in Gravy Canned,1.03,50.48,0.67,32.45,8.41,28.36,27-Jan-20,False
Dave’s Naturally Healthy Grain-Free Tuna & Shrimp Dinner In Grav,1.03,63.7,0.51,18.0,10.0,24.91,7-Nov-19,True
Best Feline Friend PLAY Check Please! Tuna & Chicken Pâté,1.03,66.3,0.6,23.9,3.5,26.91,27-Jan-20,False
Earthborn Holistic Grain-Free Monterey Medley,1.03,70.82,0.48,10.25,11.11,24.2,15-Jan-20,False
Truluxe Honor Roll,1.03,71.3,0.33,18.3,3.4,18.33,26-Jan-20,False
Performatrin Healthy Weight Turkey Formula,1.04,42.2,0.43,19.7,23.1,26.91,28-Nov-19,False
Nature's Logic Duck & Salmon Feast,1.04,42.9,0.52,38.3,4.02,42.91,15 Nov-20,False
"Hound & Gatos Grain-Free 98% Salmon, Mackerel & Sardine",1.04,52.95,0.48,47.26,,39.82,8-Nov-19,False
Weruva Meow Luau,1.04,74.9,0.29,15.9,3.6,20.91,26-Jan-20,False
Tiki Cat Grain-Free Ahi Tuna & Mackerel in Tuna Consommé (Papeekeo Luau,1.04,79.17,,16.67,0.0,25.71,30-Jan-20,True
Tiki Cat Grain-Free Ahi Tuna & Chicken in Chicken Consommé ( Hookena Luau,1.04,83.33,,12.5,0.0,29.64,30-Jan-20,True
Wellness Core Signature Selects Chunky Chicken & Wild Salmon in Sauce,1.05,34.53,0.53,25.8,32.04,24.72,1-Feb-20,False
Only Natural Pet Chicken & Chicken Liver Dinne,1.05,40.91,0.73,22.73,29.09,31.89,29-Jan-20,True
Only Natural Pet Chicken & Egg Dinne,1.05,40.91,0.73,22.73,29.14,30.94,29-Jan-20,True
Identity 95% Free-Range Prairie Pork,1.05,44.22,0.42,10.86,10.41,23.64,20-Jan-20,False
Whole Earth Farms Grain-Free Real Salmon Pâté,1.05,45.2,0.32,30.8,11.77,33.2,25-Oct-19,False
Whole Earth Farms Grain-Free Real Turkey Pâté,1.05,46.8,0.36,28.5,14.15,37.2,25-Oct-19,False
Organix Grain-Free Organic Chicken and Chicken Liver Pâté,1.05,47.5,0.84,36.6,5.31,33.27,29-Oct-19,False
Azmira Beef & Chicke,1.05,57.18,0.64,22.55,,34.55,5-Dec-16,True
Cats in the Kitchen Lamb Burger-ini,1.05,57.7,0.55,24.7,9.7,25.67,26-Jan-20,False
Best Feline Friend PLAY Shhh… Tuna & Salmon Pâté Pouch,1.05,62.6,0.59,27.9,3.6,30.0,27-Jan-20,False
Dave’s Naturally Healthy Grain-Free Tuna and Chicken Dinner in Grav,1.05,66.1,0.5,13.7,11.7,23.09,7-Nov-19,True
Weruva Marbella Paella,1.05,73.4,0.42,18.0,1.0,20.55,26-Jan-20,False
Tiki Cat Grain-Free Aloha Friends Tuna & Pumpki,1.05,75.0,,18.75,0.0,17.33,30-Jan-20,True
Nature's Harvest Adult Grain-Free Chicken Pâté,1.06,40.16,0.65,34.72,12.16,26.36,2-Dec-19,False
Grandma Mae's Country Naturals Grain-Free Beef & Chicken Chunks in Grav,1.06,44.44,0.72,13.89,,24.29,23-Nov-19,True
Earthborn Holistic Grain-Free Chicken Jumble with Liver,1.06,48.33,0.29,20.83,29.41,25.0,15-Jan-20,False
Merrick Backcountry Grain-Free Real Beef Cuts,1.06,51.06,1.38,25.11,14.17,26.67,26-Nov-19,False
RAWZ 96% Turkey & Salmon Pâté,1.06,55.68,0.46,29.47,4.1,30.73,3-Dec-19,False
Tiki Cat Grain-Free Velvet Mousse Chicke,1.06,59.09,,36.36,,28.21,30-Jan-20,True
Weruva Meal of Fortune Chicken Breast Pâté With Chicken Liver Pouch,1.06,59.9,0.34,24.1,9.7,20.0,26-Jan-20,False
Nature's Harvest Adult Grain-Free Turkey Pâté,1.07,38.29,0.43,35.18,14.23,26.36,2-Dec-19,False
Wellness Complete Health Chicken Pâté,1.07,42.07,0.3,21.14,26.96,33.82,1-Feb-20,False
Trader Joe Chicken/Turkey & Rice,1.07,44.11,0.57,33.38,17.8,33.09,28-Nov-16,False
Nutrisca Truly Flaked Tuna & Crab Entrée In Savory Brot,1.07,64.2,1.23,16.0,8.8,20.74,21-Jan-20,True
Natural Balance L.I.D. Limited Ingredient Tuna & Pumpkin in Broth,1.07,74.1,1.64,14.71,1.36,23.27,9-Jan-17,False
Tiki Cat Grain-Free Succulent Chicken in Chicken Consommé (Puka Puka Luau,1.07,81.82,,13.64,0.0,24.64,30-Jan-20,True
Dave’s 95% Premium Meat Chicken & Chicken Liver Pât,1.08,35.2,0.6,29.12,10.7,37.09,7-Nov-19,True
Dave's Cat's Meow Beef with Duc,1.08,44.86,1.6,25.22,18.02,33.27,7-Nov-19,True
AvoDerm Chicken Formula,1.08,47.8,0.85,38.3,13.5,33.82,15-Oct-19,False
Best Feline Friend OMG Selfie Cam! Chicken & Lamb Minced in Gravy,1.08,48.4,0.38,32.8,12.0,24.18,27-Jan-20,False
Merrick Backcountry Grain-Free Real Whitefish Cuts,1.08,50.96,1.51,22.07,17.13,25.67,26-Nov-19,False
Dr Elsey's Clean Protein Turkey Pâté,1.08,51.88,0.42,38.33,1.25,36.73,22-Sep-19,False
Best Feline Friend OMG Booya! Beef & Chicken in Gravy Pouch,1.08,60.7,0.46,23.4,9.7,18.57,27-Jan-20,False
Solid Gold Five Oceans Shreds with Shrimp & Tuna in Grav,1.08,68.0,0.32,15.0,9.0,19.83,22-Jan-20,True
Merrick Limited Ingredient Grain-Free Salmon,1.09,39.9,0.3,39.4,5.84,26.2,26-Jun-19,False
Only Natural Pet Seafood Dinne,1.09,40.91,0.55,22.73,33.41,28.11,29-Jan-20,True
Performatrin Indoor Chicken Formula,1.09,43.2,0.46,24.0,15.8,29.27,28-Nov-19,False
Fromm Turkey Pâté,1.09,43.28,0.97,29.67,,29.64,31-Jan-20,False
Azmira Ocean Fis,1.09,50.18,0.5,45.82,,30.72,5-Dec-16,True
Merrick Backcountry Real Rabbit Cuts,1.09,52.35,1.41,22.98,14.91,26.67,26-Nov-19,False
Nature's Logic Rabbit Feast,1.09,54.4,0.67,24.4,4.8,36.55,15 Nov-20,False
Dave's Cat's Meow 95% Turkey & Turkey Live,1.09,58.68,0.47,27.95,9.22,35.82,7-Nov-19,True
Weruva Name 'Dat Tuna Tuna Pâté Pouch,1.09,71.7,0.18,14.6,7.3,15.64,26-Jan-20,False
Dave’s Naturally Healthy Grain-Free Poultry Platter Dinne,1.1,38.09,0.52,29.39,6.16,36.73,7-Nov-19,True
NOW Fresh Chicken Pâté,1.1,39.0,0.42,27.0,27.0,33.02,31-Oct-19,False
NOW Fresh Wild Salmon Stew,1.1,40.0,0.3,23.0,39.0,30.72,31-Oct-19,False
NOW Fresh Wild Salmon Pâté,1.1,40.0,0.35,23.0,29.0,30.04,31-Oct-19,False
NOW Fresh Turkey Stew,1.1,40.0,0.4,24.0,26.0,30.21,31-Oct-19,False
Identity 95% Free-Range NZ Lamb,1.1,42.03,0.45,36.01,9.41,31.45,20-Jan-20,False
PetGuard Beef & Barley Dinner,1.1,43.0,0.27,22.7,19.5,31.0,18-Dec-19,False
Halo Holistic Grain-Free Turkey Adult,1.1,43.2,0.2,40.7,6.8,35.45,30-Jan-20,False
AvoDerm Grain-Free Chicken & Duck Recipe in Gravy Pouch,1.1,44.0,0.45,16.0,13.9,19.13,15-Oct-19,False
"PetGuard Fish, Chicken & Liver Dinner",1.1,45.4,0.44,20.0,20.9,29.3,18-Dec-19,False
PetGuard Chicken & Beef Dinner,1.1,45.5,0.32,29.5,11.3,34.1,18-Dec-19,False
Nulo FreeStyle Shredded Turkey & Halibut in Gravy,1.1,56.07,1.2,24.0,9.99,26.0,26-Nov-19,False
Nulo MedalSeries Shredded Turkey & Halibut in Gravy,1.1,56.07,1.2,24.0,9.99,26.0,26-Nov-19,False
Cats in the Kitchen The Double Dip,1.1,61.0,0.28,23.3,9.7,16.67,26-Jan-20,False
Tiki Cat Grain-Free Velvet Mousse Chicken and Wild Salmo,1.1,61.9,,33.33,,28.93,30-Jan-20,True
Soulistic Tuna & Salmon Pâté,1.1,63.2,0.59,26.4,4.3,0.0,27-Jan-20,False
Best Feline Friend PLAY Oh Snap Tuna & Salmon Pâté,1.1,63.2,0.59,26.4,4.3,29.82,27-Jan-20,False
Earthborn Holistic Grain-Free Harbor Harvest,1.1,64.24,0.33,12.79,16.67,25.6,15-Jan-20,False
"Petite Cuisine Sister Rose's Tuna, Pumpkin & Ocean Fish",1.1,74.7,1.68,19.5,,23.21,29-Oct-19,False
Against the Grain Shrimp Daddy with Tuna & Salmon,1.1,76.2,0.8,14.2,1.94,25.0,30-Oct-19,False
Petite Cuisine Baby Bluebell' s Chicken & Pumpkin,1.1,80.3,0.32,11.2,,22.86,29-Oct-19,False
Fussie Cat Premium Tuna with Smoked Tun,1.1,80.82,0.18,9.72,,21.55,5-Dec-19,True
Tiki Cat Grain-Free Velvet Mousse Tuna & Chicke,1.11,68.18,,27.27,,26.79,30-Jan-20,True
Fancy Feast Purely Natural White Meat Chicken and Flaked Tuna Entrée in a Delicate Brot,1.11,72.22,1.11,8.33,0.0,20.5,9-May-18,True
Fancy Feast Purely Natural Wild Alaskan Salmon & White Meat Chicken in a Delicate Brot,1.11,75.0,0.28,8.33,0.0,23.5,9-May-18,True
Fussie Cat Super Premium Chicken & Beef in Pumpkin Sou,1.11,76.25,0.17,13.18,,20.1,5-Dec-19,True
Fussie Cat Premium Tuna with Threadfin Brea,1.11,76.5,0.18,9.15,,21.18,5-Dec-19,True
Fancy Feast Purely Natural White Meat Chicken Entrée in a Delicate Brot,1.11,80.56,0.28,8.33,0.0,22.5,9-May-18,True
Hill's Healthy Advantage Kitten Chicken Entrée,1.12,43.4,0.39,22.9,25.6,31.45,1-Feb-20,False
Hound & Gatos Grain-Free 98% Pork,1.12,54.08,0.39,35.42,,35.64,8-Nov-19,False
Nutrisca Truly Flaked Salmon Entrée In Savory Brot,1.12,54.1,0.51,24.8,12.7,22.96,21-Jan-20,True
Tiki Cat Grain-Free Wild Salmon in Salmon Consommé (Hanalei Luau,1.12,65.22,,21.74,0.0,19.64,30-Jan-20,True
Caru Classics Natural Turkey Stew,1.12,66.33,0.56,12.45,13.32,28.0,25-Oct-20,False
NutriSource Grain-Free High Plains Select,1.13,40.83,0.33,27.08,,31.82,28-Jan-20,False
Whole Earth Farms Grain-Free Real Chicken Pâté,1.13,47.2,0.3,25.9,12.29,33.6,25-Oct-19,False
Merrick Backcountry Grain-Free Real Kitten Cuts,1.13,50.7,1.24,26.74,,27.33,26-Nov-19,False
RAWZ 96% Beef & Beef Liver Pâté,1.13,51.64,0.65,24.76,11.38,32.0,3-Dec-19,False
Lotus Grain-Free Just Juicy Pork Stew,1.13,68.28,1.17,16.43,7.45,24.55,28-Jan-20,False
Artemis OSOPure Grain-Free Tuna & Pumpkin,1.13,70.71,0.65,12.05,1.62,21.33,23-Nov-16,False
Artemis OSOPure Grain-Free Tuna,1.13,71.7,0.56,12.43,1.42,21.67,23-Nov-16,False
Artemis OSOPure Grain-Free Tuna & Shrimp,1.13,71.94,0.67,12.03,1.4,22.0,23-Nov-16,False
"Tiki Cat Grain-Free Aloha Friends Tuna, Tilapia & Pumpki",1.13,77.78,,16.67,0.0,18.67,30-Jan-20,True
PureVita Grain-Free Beef Entrée,1.14,52.45,0.41,29.0,,31.47,28-Jan-20,False
Nutrisca Truly Flaked Tuna & Salmon Entrée In Savory Brot,1.14,60.6,0.47,14.4,16.3,22.22,21-Jan-20,True
Tiki Cat Grain-Free Ahi Tuna with Prawns in Tuna Consommé (Manana Grill,1.14,76.0,,16.0,0.0,25.36,30-Jan-20,True
Earthborn Holistic Grain-Free Catalina Catch,1.14,78.65,0.29,13.29,0.55,30.0,15-Jan-20,False
Newman's Own Organic Grain-Free Liver,1.15,40.0,0.47,35.0,16.0,30.91,14-Nov-19,False
Newman's Own Premium Chicken & Brown Rice,1.15,40.0,0.47,35.0,16.0,32.0,14-Nov-19,False
Newman's Own Organic Grain-Free Beef & Liver,1.15,40.0,0.47,35.0,16.0,32.55,14-Nov-19,False
Newman's Own Premium Turkey,1.15,40.0,0.47,35.0,16.0,32.55,14-Nov-19,False
Newman's Own Premium Turkey & Vegetable,1.15,40.0,0.47,35.0,16.0,34.0,14-Nov-19,False
Newman's Own Premium Chicken & Salmon,1.15,40.0,0.47,35.0,16.0,37.27,14-Nov-19,False
Newman's Own Organic Grain-Free Beef,1.15,40.0,0.47,35.0,16.0,38.18,14-Nov-19,False
Koha Grain-Free Limited Ingredient Guineafowl Pât,1.15,45.2,0.63,41.5,4.28,37.09,13-Aug-19,True
Merrick Backcountry Real Chicken Cuts,1.15,50.48,1.44,25.55,14.75,26.33,26-Nov-19,False
President's Choice Extra Meaty Sliced Duck & Wild Rice,1.15,51.05,1.29,22.01,16.75,,12-Dec-19,False
Natural Balance Delectable Delights Purrrfect Paella Stew,1.15,59.74,0.71,19.18,10.31,24.0,9-Jan-17,False
Tiki Cat Grain-Free After Dark Chicken & Bee,1.15,66.67,,16.67,0.0,24.29,30-Jan-20,True
Artemis OSOPure Grain-Free Tuna & Salmon,1.15,70.24,0.52,13.59,1.5,21.67,23-Nov-16,False
Artemis OSOPure Grain-Free Tuna & Chicken,1.15,71.6,0.52,12.57,1.42,21.67,23-Nov-16,False
Petite Cuisine Sweet Ivy's Chicken & Sweet Potato Entrée in Broth,1.15,73.8,0.47,11.3,,22.5,29-Oct-19,False
Wellness Healthy Indulgence Shreds with Skipjack Tuna & Shrimp Pouch,1.16,40.09,0.68,30.4,18.81,19.0,1-Feb-20,False
Trader Joe Turkey & Giblets,1.16,44.5,0.58,34.2,13.3,32.73,28-Nov-16,False
"Trader Joe Ocean Fish, Salmon & Rice",1.16,45.82,0.72,31.99,14.66,32.0,28-Nov-16,False
Dave's Naturally Healthy Grain-Free Beef & Chicken Dinne,1.16,48.19,0.46,41.5,1.83,35.45,7-Nov-19,True
VeRUS Chicken and Liver,1.16,49.4,0.76,38.0,0.2,30.91,27-Jan-20,False
Holistic Select Grain-Free Turkey Pâté,1.16,52.71,0.43,35.09,2.92,36.62,1-Feb-20,False
Solid Gold Flavorful Feast Grain-Free Kitten Classic Pâté with Chicke,1.16,56.0,0.26,17.0,18.0,35.67,22-Jan-20,True
Performatrin Grain-Free Ultra Chicken Stew,1.16,57.1,0.81,20.1,9.1,26.36,28-Nov-19,False
Solid Gold Five Oceans Shreds with Sardine & Tuna in Grav,1.16,61.11,0.34,11.11,8.0,22.5,8-Nov-19,True
AvoDerm Grain-Free Ocean Fish Recipe in Gravy Pouch,1.16,62.0,0.94,12.5,12.5,17.7,15-Oct-19,False
Best Feline Friend PLAY Twinkles Turkey & Tuna Pâté Pouch,1.16,62.3,0.44,29.3,0.0,27.67,27-Jan-20,False
Dave's Naturally Healthy Grain-Free Ahi Tuna & Chicken Dinne,1.16,72.3,0.46,13.5,3.0,25.45,11-Nov-19,True
Tiki Cat Grain-Free Wild Salmon & Chicken in Chicken Consommé (Napili Luau,1.16,73.91,,17.39,0.0,25.36,30-Jan-20,True
Fussie Cat Premium Tuna with Mussel,1.16,79.45,0.2,12.19,,20.78,5-Dec-19,True
Catered Bowl Ocean Whitefish & Potat,1.17,30.0,0.41,18.6,38.0,28.18,11-Nov-19,True
Tender & True Ocean Whitefish & Potat,1.17,30.0,0.41,18.6,38.0,28.18,11-Nov-19,True
Fromm Lamb Pâté,1.17,42.88,1.04,29.5,,27.82,31-Jan-20,False
Grandma Mae's Country Naturals Grain-Free Chicken Chunks in Grav,1.17,44.44,0.61,16.67,,25.71,23-Nov-19,True
President's Choice Extra Meaty Chicken,1.17,48.47,0.95,38.07,5.01,,12-Dec-19,False
Performatrin Adult Grain-Free Turkey Formula,1.17,49.4,0.5,37.1,3.6,34.0,28-Nov-19,False
Life's Abundance Instinctive Choice All Life Stage,1.17,50.0,0.45,33.33,,36.0,27-Nov-19,False
Dr Elsey's Clean Protein Beef Pâté,1.17,50.0,0.5,28.79,15.71,32.73,22-Sep-19,False
NutriSource Grain-Free Ocean Select,1.17,57.17,0.54,28.88,,31.82,28-Jan-20,False
Nulo FreeStyle Shredded Beef & Rainbow Trout in Gravy,1.17,58.56,1.17,19.96,10.37,24.67,26-Nov-19,False
Nulo MedalSeries Shredded Beef & Rainbow Trout in Gravy,1.17,58.56,1.17,19.96,10.37,24.67,26-Nov-19,False
Fancy Feast Purely Natural Flaked Skipjack Tuna in a Delicate Brot,1.17,77.78,0.56,8.33,0.22,21.0,9-May-18,True
Fussie Cat Premium Tuna with Clam,1.17,79.49,0.21,12.31,,20.55,5-Dec-19,True
Fussie Cat Premium Tuna with Chicke,1.17,81.73,0.2,11.22,,21.26,5-Dec-19,True
Fancy Feast Purely Natural Tender Tongol Tuna Entrée in a Delicate Brot,1.17,83.33,0.44,8.33,0.0,22.5,9-May-18,True
Only Natural Pet Turkey & Liver Dinne,1.18,40.91,0.86,22.73,31.91,34.15,29-Jan-20,True
Lotus Grain-Free Chicken Pâté,1.18,41.51,0.85,23.39,22.7,29.84,28-Jan-20,False
Lotus Grain-Free Pork Pâté,1.18,41.87,0.86,24.31,23.29,31.44,28-Jan-20,False
Diamond Naturals Indoor Cat Hairball Control Adult Dinner,1.18,42.58,0.43,26.98,15.74,29.64,11-Nov-19,False
Hound & Gatos Grain-Free 98% Paleolithic,1.18,42.92,0.37,31.92,,33.27,8-Nov-19,False
Hill's Science Diet Kitten Savory Turkey Entrée,1.18,44.2,0.5,29.6,15.1,36.91,1-Feb-20,False
Koha Grain-Free Turkey Ste,1.18,45.6,1.23,34.2,11.14,26.55,13-Aug-19,True
AvoDerm Salmon Formula,1.18,47.68,0.49,31.63,13.55,36.0,15-Oct-19,False
President's Choice Extra Meaty Chicken & Liver,1.18,50.77,0.92,31.99,7.53,,12-Dec-19,False
Solid Gold Five Oceans Shreds with Mackerel & Tuna in Grav,1.18,61.11,0.39,11.11,9.0,22.17,8-Nov-19,True
Lotus Grain-Free Just Juicy Venison Stew,1.18,61.91,0.82,21.36,7.79,32.26,28-Jan-20,False
"Tiki Cat Grain-Free Aloha Friends Tuna, Whitefish & Pumpki",1.18,70.0,,15.0,0.0,18.67,30-Jan-20,True
Tiki Cat Grain-Free Ahi Tuna (Hawaiian Grill,1.18,73.91,,17.39,0.0,26.43,30-Jan-20,True
Fussie Cat Super Premium Chicken with Chicken Liver in Pumpkin Sou,1.18,76.27,0.12,12.13,,18.71,5-Dec-19,True
AvoDerm Wild by Nature Grain-Free Tuna with Prawns in Consommé,1.18,78.77,1.04,15.32,5.6,23.67,15-Oct-19,False
Fussie Cat Premium Tuna with Anchovie,1.18,79.16,1.53,11.08,,22.28,5-Dec-19,True
Fussie Cat Premium Tuna with Shrim,1.18,80.42,0.44,11.61,,21.09,5-Dec-19,True
Natural Balance Platefulls Chicken & Pumpkin in Gravy Cat Pouch,1.19,42.15,0.9,27.15,20.83,26.67,9-Jan-17,False
Wellness Core Tiny Tasters Duck Pouch,1.19,46.63,0.86,39.12,3.82,36.57,1-Feb-20,False
Holistic Select Grain-Free Ocean Fish & Tuna Pâté,1.19,55.49,0.68,30.89,4.21,35.31,1-Feb-20,False
Best Feline Friend PLAY Tweet Me! Turkey & Tuna Pâté,1.19,58.4,0.45,28.1,5.0,26.36,27-Jan-20,False
Fussie Cat Premium Tuna with Ocean Fis,1.19,77.14,0.41,11.4,,20.87,5-Dec-19,True
Fussie Cat Premium Tuna with Salmo,1.19,80.87,0.23,12.07,,21.26,5-Dec-19,True
Catered Bowl Organic Turkey & Live,1.2,30.0,0.32,19.5,33.0,33.64,11-Nov-19,True
Tender & True Organic Turkey & Live,1.2,30.0,0.32,19.5,33.0,33.64,11-Nov-19,True
FirstMate Cage-free Turkey & Rice Formula,1.2,31.0,0.7,31.0,29.0,31.0,25-Nov-19,False
FirstMate Limited Ingredient Free Run Turkey Formula,1.2,31.0,0.8,31.0,29.0,31.0,25-Nov-19,False
Kasiks Cage-Free Turkey Formula,1.2,31.0,0.8,31.0,30.0,29.0,25-Nov-19,False
Redbarn Naturals Lamb Pâté for Skin & Coat Health,1.2,43.31,0.28,41.2,7.7,37.27,31-Oct-19,False
Hound & Gatos Grain-Free 98% Turkey & Liver,1.2,44.38,0.62,38.09,,34.73,8-Nov-19,False
Tiki Cat Grain-Free After Dark Chicken & Lam,1.2,44.44,,22.22,0.0,23.21,30-Jan-20,True
Halo Holistic Grain-Free Chicken Kitten,1.2,44.9,0.4,37.7,8.6,35.33,30-Jan-20,False
Halo Holistic Grain-Free Chicken Adult,1.2,46.6,0.3,35.1,7.8,29.09,30-Jan-20,False
Halo Holistic Sensitive Stomach Grain-Free Quail and Garden Greens Recipe Pâté,1.2,46.9,0.4,32.0,10.1,33.64,30-Jan-20,False
Halo Holistic Grain-Free Chicken and Beef Adult,1.2,47.7,0.3,38.5,4.8,34.36,30-Jan-20,False
Taste of the Wild Rocky Mountain Feline Formula with Salmon and Roasted Venison in Gravy,1.2,48.3,1.2,22.9,17.8,27.5,23-Sep-19,False
Taste of the Wild Canyon River Feline Formula with Trout and Salmon in Gravy,1.2,48.3,1.2,30.0,10.7,26.93,23-Sep-19,False
PetGuard Chicken & Wheat Germ Dinner,1.2,50.0,0.3,22.7,11.8,32.5,18-Dec-19,False
PetGuard Savory Seafood Dinner,1.2,50.0,0.54,20.4,12.2,32.7,18-Dec-19,False
Nulo MedalSeries Minced Turkey & Duck in Gravy,1.2,55.91,1.15,23.1,10.76,25.67,26-Nov-19,False
Nulo FreeStyle Minced Turkey & Duck in Gravy,1.2,55.91,1.15,23.1,10.76,25.67,26-Nov-19,False
Solid Gold Flavorful Feast Grain-Free Pâté Indoor Recipe with Chicke,1.2,56.0,0.23,17.0,18.0,34.0,22-Jan-20,True
Against the Grain Aloha Tuna with Seaweed & Crab,1.2,75.3,0.63,16.9,0.0,23.93,30-Oct-19,False
Fussie Cat Premium Tuna with Prawn,1.2,80.2,0.37,11.86,,20.84,5-Dec-19,True
"Performatrin Ultra Grain-Free Turkey, Salmon & Duck Pâté",1.21,44.9,0.42,40.3,4.2,39.45,28-Nov-19,False
NutriSource Grain-Free Lamb & Lamb Liver Select,1.21,45.0,0.38,33.5,,33.64,28-Jan-20,False
Performatrin Adult Grain-Free Chicken Formula,1.21,45.4,0.58,41.1,3.7,38.0,28-Nov-19,False
Lotus Grain-Free Sardine Pâté,1.21,50.36,1.17,16.17,20.09,27.36,28-Jan-20,False
Hound & Gatos Grain-Free 98% Lamb & Liver,1.21,53.56,0.38,35.42,,34.0,8-Nov-19,False
Nulo MedalSeries Minced Beef & Mackerel in Gravy,1.21,57.99,1.16,19.53,11.24,24.67,26-Nov-19,False
Nulo FreeStyle Minced Beef & Mackerel in Gravy,1.21,57.99,1.16,19.53,11.24,24.67,26-Nov-19,False
Tiki Cat Grain-Free Velvet Mousse Wild Salmo,1.21,66.67,,23.81,,28.57,30-Jan-20,True
"Tiki Cat Grain-Free Aloha Friends Tuna, Calamari & Pumpki",1.21,72.22,,16.67,0.0,17.67,30-Jan-20,True
Wellness Core Hearty Cuts Shredded Whitefish & Salmon,1.22,50.89,1.45,18.73,18.68,23.64,1-Feb-20,False
Lovibles Put a Wing on It,1.22,51.6,0.45,33.1,4.1,32.14,21-Jan-20,False
Instinct Original Grain-Free 95% Real Beef Pâté,1.22,52.96,0.42,34.49,1.39,40.36,8-Nov-19,False
Best Feline Friend PLAY Lovers' Lane Tuna & Lamb Pâté,1.22,65.3,0.61,24.3,3.6,27.86,27-Jan-20,False
Weruva Asian Fusion,1.22,73.4,1.0,18.0,1.0,21.82,26-Jan-20,False
Fussie Cat Premium Tuna with Chicken Live,1.22,76.05,0.18,11.33,,17.83,5-Dec-19,True
Tiki Cat Grain-Free Ahi Tuna in Crab Surimi Consommé (Lanai Grill,1.22,77.27,,18.18,0.0,26.79,30-Jan-20,True
Fancy Feast Purely Natural Seabass and Shrimp in a Delicate Brot,1.22,77.78,0.67,11.11,0.0,22.5,9-May-18,True
Against the Grain Bimini Brunch with Krill & Egg,1.22,79.1,0.41,12.6,0.0,25.0,30-Oct-19,False
Only Natural Pet Turkey & Chicken Dinne,1.23,40.91,0.86,22.73,30.55,34.34,29-Jan-20,True
Lotus Grain-Free Duck Pâté,1.23,44.7,0.9,19.75,23.15,28.16,28-Jan-20,False
Hill's Science Diet Kitten Liver & Chicken Entrée,1.23,45.5,0.5,29.2,14.8,37.82,1-Feb-20,False
Redbarn Naturals Grain-Free Salmon Stew,1.23,50.12,1.5,31.18,6.87,27.67,31-Oct-19,False
Merrick Purrfect Bistro Grain-Free Beef Wellington,1.23,54.5,1.71,21.33,9.81,25.1,26-Jun-19,False
Best Feline Friend PLAY Tuck Me In Salmon & Tuna Pâté,1.23,54.9,0.53,33.5,4.7,31.27,27-Jan-20,False
Fussie Cat Premium Tuna in Aspi,1.23,81.35,2.08,9.51,,19.99,5-Dec-19,True
Natural Balance Platefulls Indoor Chicken & Chicken Liver in Gravy Pouch,1.24,42.29,0.85,23.5,24.36,24.33,9-Jan-17,False
Redbarn Naturals Grain-Free Chicken Stew,1.24,42.93,1.44,33.94,12.2,26.0,31-Oct-19,False
Performatrin Grain-Free Ultra Turkey Pâté,1.24,44.9,0.4,40.4,4.0,39.64,28-Nov-19,False
Natural Balance Platefulls Tuna & Beef in Gravy Pouch,1.24,45.64,1.04,24.59,18.14,26.67,9-Jan-17,False
Natural Balance Ultra Premium Tuna with Shrimp,1.24,50.51,0.88,22.96,16.93,31.45,9-Jan-17,False
Nulo MedalSeries Limited Ingredient Diet 95% Turkey & Turkey Liver in Broth,1.24,52.7,0.44,32.98,7.01,37.27,26-Nov-19,False
Performatrin Ultra Grain-Free Turkey Stew,1.24,53.7,0.81,20.1,11.3,27.09,28-Nov-19,False
Weruva Love Connection Chicken & Salmon Pâté Pouch,1.24,55.4,0.23,32.1,5.3,27.09,26-Jan-20,False
"Natural Balance Original Ultra Whole Body Health Reduced Calorie Chicken, Salmon & Duck",1.25,40.73,0.61,37.67,12.24,33.33,9-Jan-17,False
Wellness Core Grain-Free 95% Turkey,1.25,46.85,0.4,42.0,0.32,39.45,1-Feb-20,False
NutriSource Grain-Free Pork & Pork Liver Select,1.25,49.92,0.67,25.0,,30.91,28-Jan-20,False
Solid Gold Flavorful Feast Grain-Free Sardine & Tuna Classic Paté in Grav,1.25,50.0,0.25,20.0,16.0,30.67,22-Jan-20,True
Dr Elsey's Clean Protein Chicken Pâté,1.25,50.0,0.38,39.75,2.08,35.82,22-Sep-19,False
PureVita Grain-Free Whitefish Entrée,1.25,54.21,0.42,36.92,0.0,34.36,28-Jan-20,False
Lovibles Seashore Love,1.25,55.9,0.78,23.0,7.6,27.27,21-Jan-20,False
Caru Classics Natural Chicken Stew,1.25,59.92,0.57,16.83,13.49,25.5,25-Oct-20,False
Against the Grain Tuna Mango Tango with Duck,1.25,65.2,0.28,15.0,0.0,20.29,30-Oct-19,False
Against the Grain Tuna Aubergine with Snapper & Eggplant Dinner,1.25,73.7,0.23,14.7,0.0,24.29,30-Oct-19,False
Against the Grain Big Kahuna with Crab & Tilapia,1.25,78.8,0.72,11.2,2.61,23.93,30-Oct-19,False
Hound & Gatos Grain-Free 98% Chicken & Liver,1.26,45.0,0.4,43.48,,36.55,8-Nov-19,False
Hound & Gatos Grain-Free 98% Beef,1.26,45.0,0.63,36.85,,35.64,8-Nov-19,False
Fromm Chicken & Duck Pâté,1.26,46.75,0.95,38.96,,30.73,31-Jan-20,False
Soulistic Moist & Tender Lamb Dinner in Gravy Canned,1.26,56.68,0.59,25.67,7.11,23.45,27-Jan-20,False
Solid Gold Five Oceans Shreds with Sea Bream & Tuna in Grav,1.26,61.11,0.47,11.11,11.0,21.33,8-Nov-19,True
Instinct Grain-Free Minced Tuna in Savory Gravy Cup,1.26,62.6,1.21,13.0,12.09,23.14,8-Nov-19,False
Tiki Cat Grain-Free Seabass in Seabass Consommé (Oahu Luau,1.26,63.16,,21.05,0.0,26.07,30-Jan-20,True
Tiki Cat Grain-Free Velvet Mousse Tuna & Mackere,1.26,68.18,,22.73,,29.29,30-Jan-20,True
"Petite Cuisine L'il Violet's Tuna, Pumpkin & Tilapia",1.26,70.7,1.15,15.9,,22.86,29-Oct-19,False
Weruva Mack & Jack,1.26,83.5,0.61,9.4,0.1,22.0,26-Jan-20,False
Catered Bowl Organic Chicken & Live,1.27,30.0,0.25,19.5,33.0,30.91,11-Nov-19,True
Tender & True Organic Chicken & Live,1.27,30.0,0.25,19.5,33.0,30.91,11-Nov-19,True
Natural Balance Platefulls Indoor Turkey & Duck in Gravy Pouch,1.27,42.37,0.84,23.85,22.42,27.0,9-Jan-17,False
"Natural Balance Platefulls Indoor Salmon, Tuna, Chicken & Shrimp in Gravy Pouch",1.27,43.54,0.89,21.8,23.85,23.33,9-Jan-17,False
Wellness Core Hearty Cuts Shredded Chicken & Turkey,1.27,46.92,1.19,25.18,16.78,28.0,1-Feb-20,False
Dr Elsey's Clean Protein Rabbit & Turkey Pâté,1.27,50.19,0.38,33.24,3.04,32.36,22-Sep-19,False
Redbarn Naturals Ocean Fish Pâté for Weight Control,1.27,51.82,0.38,25.0,12.8,30.18,31-Oct-19,False
Whole Earth Farms Grain-Free Real Tuna & Whitefish Pâté,1.27,52.4,0.39,21.1,13.1,33.0,25-Oct-19,False
PureVita Grain-Free Chicken Entrée,1.27,53.64,0.45,43.36,,35.24,28-Jan-20,False
PureVita Grain-Free Salmon Entrée,1.27,55.91,0.41,41.95,,34.81,28-Jan-20,False
Weruva Too Hot to Handle Pouch,1.28,42.8,0.61,38.4,12.9,32.67,26-Jan-20,False
Merrick Purrfect Bistro Grain-Free Grammy's Pot Pie,1.28,43.16,1.75,38.29,8.46,30.91,26-Jun-19,False
Merrick Purrfect Bistro Grain-Free Thanksgiving Day Dinner,1.28,43.16,1.75,38.29,8.46,30.91,26-Jun-19,False
Wellness Core Hearty Cuts Shredded Indoor Chicken & Turkey,1.28,44.37,1.14,21.9,19.04,26.18,1-Feb-20,False
"Natural Balance Platefulls Salmon, Tuna & Crab in Gravy Pouch",1.28,45.2,1.12,23.58,20.0,26.67,9-Jan-17,False
Chicken Soup for the Soul Classic Adult Chicken & Turkey Pâté,1.28,46.0,0.62,34.54,9.67,36.0,28-Oct-19,False
Instinct Original Grain-Free 95% Real Lamb Pâté,1.28,48.06,0.58,39.53,0.78,37.45,8-Nov-19,False
Instinct Original Grain-Free 95% Real Duck Pâté,1.28,49.81,0.54,35.41,2.72,35.45,8-Nov-19,False
Merrick Purrfect Bistro Grain-Free Cowboy Cookout,1.28,50.64,2.2,16.83,20.6,28.18,26-Jun-19,False
Merrick Backcountry Grain-Free Real Chicken + Trout Cuts Pouch,1.28,52.55,1.31,28.52,,25.67,26-Nov-19,False
Lovibles Love of my Life,1.28,53.6,0.91,31.6,5.3,31.67,21-Jan-20,False
Lovibles Poetry in Motion,1.28,53.6,0.98,30.4,6.0,29.33,21-Jan-20,False
Lotus Grain-Free Just Juicy Salmon & Pollock Stew,1.28,54.92,0.92,25.13,9.03,24.15,28-Jan-20,False
Fancy Feast Purely Natural White Meat Chicken and Shredded Beef Entrée in a Delicate Brot,1.28,77.78,0.56,13.89,0.0,22.5,9-May-18,True
Natural Balance Ultra Premium Indoor,1.29,40.67,0.58,30.29,19.36,35.83,9-Jan-17,False
"Natural Balance Platefulls Indoor Duck, Chicken & Pumpkin in Gravy Pouch",1.29,43.11,0.83,25.06,20.1,27.33,9-Jan-17,False
"NutriSource Chicken, Turkey & Lamb",1.29,45.75,0.46,39.58,,22.73,28-Jan-20,False
"NutriSource Grain-Free Chicken, Turkey & Lamb Select",1.29,45.75,0.46,39.58,,35.64,28-Jan-20,False
President's Choice Extra Meaty Beef,1.29,50.86,0.86,34.46,5.88,,12-Dec-19,False
Life's Abundance Grain-Free Limited Ingredient Pork & Duck,1.29,54.55,1.31,22.73,3.06,32.67,30-Jan-20,False
NutriSource Grain-Free Great Northwest Select (this food adds up to 100% which cannot be correct),1.29,55.83,0.46,44.04,,37.27,28-Jan-20,False
Tiki Cat Grain-Free After Dark Chicken & Por,1.29,60.0,,26.67,0.0,23.57,30-Jan-20,True
Catered Bowl Antibiotic-Free Chicken & Brown Ric,1.3,30.0,0.29,18.4,39.0,33.64,11-Nov-19,True
Tender & True Antibiotic-Free Chicken & Brown Ric,1.3,30.0,0.29,18.4,39.0,33.64,11-Nov-19,True
Chicken Soup for the Soul Classic Indoor Chicken & Salmon Pâté,1.3,42.39,0.5,30.49,11.26,36.73,28-Oct-19,False
Weruva Stewbacca,1.3,43.2,0.65,37.2,13.5,30.91,26-Jan-20,False
Nature's Logic Turkey Feast,1.3,45.9,0.62,34.2,4.69,43.27,15 Nov-20,False
Fromm Chicken Pâté,1.3,47.66,1.06,25.03,,29.27,31-Jan-20,False
Halo Holistic Grain-Free Whitefish Kitten,1.3,47.8,0.5,38.5,1.5,35.0,30-Jan-20,False
NOW Fresh Minced Chicken,1.3,49.0,0.79,29.0,13.0,27.57,31-Oct-19,False
Halo Holistic Sensitive Stomach Grain-Free Rabbit & Garden Greens Pâté,1.3,49.4,0.5,36.1,6.0,32.73,30-Jan-20,False
Wellness Core Grain-Free Turkey & Duck Pâté,1.3,49.87,0.41,35.34,6.12,39.09,1-Feb-20,False
Solid Gold Triple Layer Grain-Free with Salmon & Pumpki,1.3,50.0,0.54,18.0,22.0,32.0,22-Jan-20,True
Halo Holistic Grain-Free Lamb Adult,1.3,50.0,0.6,34.6,4.1,27.64,30-Jan-20,False
Solid Gold Purrfect Pairings Grain-Free Savory Mousse With Chicken Liver & Goat Mil,1.3,50.0,2.5,18.18,,27.64,8-Nov-19,True
Tiki Cat Grain-Free After Dark Chicken & Duc,1.3,50.0,,31.25,0.0,22.86,30-Jan-20,True
Instinct Grain-Free Limited Ingredient Diet Real Turkey Pâté,1.3,50.19,0.5,33.33,4.6,35.82,8-Nov-19,False
President's Choice Extra Meaty Turkey & Giblets,1.3,56.59,0.8,30.81,2.77,,12-Dec-19,False
Cats in the Kitchen Splash Dance,1.3,63.7,0.43,24.0,5.6,25.67,26-Jan-20,False
AvoDerm Grain-Free Tuna Recipe in Gravy Pouch,1.3,72.0,0.93,11.0,11.0,17.7,15-Oct-19,False
Tiki Cat Grain-Free Tilapia in Tilapia Consommé (Kapi'olani Luau,1.3,72.22,,22.22,0.0,26.79,30-Jan-20,True
Wellness Healthy Indulgence Gravies Tuna & Mackerel Pouch,1.32,41.72,1.05,30.38,18.38,19.0,1-Feb-20,False
AvoDerm Grain-Free Salmon Recipe in Gravy Pouch,1.32,44.0,0.57,11.0,11.0,17.7,15-Oct-19,False
Hill's Science Diet Kitten Savory Salmon Entrée,1.32,44.2,0.56,28.4,16.3,37.45,1-Feb-20,False
Natural Balance Platefulls Indoor Mackerel & Sardine in Gravy Pouch,1.32,46.76,0.96,20.87,20.32,23.33,9-Jan-17,False
Dave’s Naturally Healthy Grain-Free Turkey & Giblets Dinne,1.32,48.42,0.53,39.02,3.73,35.36,7-Nov-19,True
Redbarn Naturals Chicken Pâté for Indoor Cats,1.32,51.44,0.39,27.08,11.6,30.9,31-Oct-19,False
Canidae Under The Sun Witty Kitty Ruffle My Feathers with Turkey & Turkey Liver in Broth,1.32,54.7,1.12,23.21,,29.67,14-Dec-16,False
Catered Bowl Salmon & Sweet Potat,1.33,28.33,,11.67,,34.0,11-Nov-19,True
Tender & True Salmon & Sweet Potat,1.33,28.33,,11.67,,34.0,11-Nov-19,True
"Hound & Gatos Grain-Free 98% Lamb, Chicken & Salmon",1.33,45.01,0.55,39.6,,36.18,8-Nov-19,False
Natural Balance Ultra Premium Turkey & Giblets,1.33,45.83,0.6,31.67,11.93,30.0,9-Jan-17,False
AvoDerm Ocean Fish Formula,1.33,47.68,0.42,33.12,10.53,33.09,15-Oct-19,False
Dave's Naturally Healthy Grain-Free Shredded Salmon in Grav,1.33,48.72,1.54,27.79,11.42,26.36,11-Nov-19,True
Wellness Core Hearty Cuts Shredded Chicken & Tuna,1.33,49.76,1.19,22.18,16.97,26.91,1-Feb-20,False
Redbarn Naturals Grain-Free Tuna Pâté,1.33,52.51,0.43,36.0,2.5,35.45,31-Oct-19,False
Weruva Kettle Call Pouch,1.34,40.7,0.71,42.5,9.3,17.27,26-Jan-20,False
Dr Tim's Nimble Chicken & Vegetable Pâté,1.34,41.5,0.93,27.3,20.2,31.19,29-Oct-19,False
Natural Balance Platefulls Chicken & Giblets in Gravy Pouch,1.34,42.69,0.83,25.93,21.31,23.33,9-Jan-17,False
Dave's Cat's Meow Beef with Turke,1.34,43.46,1.56,24.54,18.54,33.64,7-Nov-19,True
Solid Gold Tropical Blendz Grain-Free Pâté with Chicken & Coconut Oi,1.34,46.0,0.35,18.0,28.0,37.0,22-Jan-20,True
Solid Gold Tropical Blendz Grain-Free Pâté with Turkey & Coconut Oi,1.34,46.0,0.36,18.0,28.0,37.33,22-Jan-20,True
ZiwiPeak New Zealand Rabbit & Lamb,1.34,54.0,0.39,21.0,15.0,31.11,1-Feb-20,False
Solid Gold Purrfect Pairings Grain-Free Savory Mousse With Tuna & Goat Mil,1.34,54.55,2.8,18.18,,29.09,8-Nov-19,True
"Wellness Core Grain-Free Beef, Venison & Lamb Pâté",1.34,55.24,0.65,30.19,4.02,33.64,1-Feb-20,False
Best Feline Friend PLAY Blast Off! Tuna & Beef Pâté Pouch,1.34,68.1,0.64,21.3,2.8,26.0,27-Jan-20,False
Weruva Taco Stewsday,1.35,41.2,0.72,41.8,9.4,31.09,26-Jan-20,False
"Fromm Chicken, Duck & Salmon Pâté",1.35,45.06,0.98,38.37,,30.55,31-Jan-20,False
ZiwiPeak New Zealand Venison,1.35,54.0,0.39,23.0,13.0,34.02,1-Feb-20,False
Grandma Mae's Country Naturals Grain-Free Dog & Cat Salmon Soft Ste,1.35,55.56,0.41,30.41,,35.23,23-Nov-19,True
Lovibles Key to My Heart,1.35,59.0,1.01,25.8,5.9,29.0,21-Jan-20,False
Best Feline Friend PLAY Double Dare Tuna & Duck Pâté,1.35,67.2,0.63,21.7,3.7,26.0,27-Jan-20,False
NutriSource Chicken & Rice,1.36,44.55,0.45,37.73,,35.09,28-Jan-20,False
"NutriSource Chicken, Turkey, Lamb & Fish",1.36,46.82,0.45,37.73,,,28-Jan-20,False
Natural Balance Ultra Premium Ocean Fish,1.36,52.7,0.84,25.69,10.77,33.33,9-Jan-17,False
Nulo MedalSeries Salmon & Turkey in Gravy,1.36,55.62,1.41,22.29,10.71,25.0,26-Nov-19,False
Nulo FreeStyle Minced Salmon & Turkey in Gravy,1.36,55.62,1.41,22.29,10.71,25.0,26-Nov-19,False
"Tiki Cat Grain-Free Aloha Friends Tuna, Shrimp & Pumpki",1.36,70.59,,17.65,0.0,18.0,30-Jan-20,True
Merrick Limited Ingredient Grain-Free Turkey,1.37,44.8,0.42,36.7,5.77,27.8,26-Jun-19,False
Fromm Turkey & Pumpkin Pâté,1.37,46.7,0.62,24.1,,27.27,31-Jan-20,False
Lovibles A-moo-zing Love,1.37,47.9,0.58,36.6,7.7,34.18,21-Jan-20,False
Instinct Grain-Free Limited Ingredient Diet Rabbit,1.37,51.56,0.51,16.02,19.53,28.36,8-Nov-19,False
Caru Classics Natural Chicken & Crab Stew,1.37,63.16,0.63,14.58,13.58,25.0,25-Oct-20,False
Natural Planet Organic Turkey Dinner,1.38,45.0,0.42,45.79,,34.18,28-Jan-20,False
Performatrin Kitten Grain-Free Chicken Formula,1.38,45.8,0.49,39.6,4.5,39.82,28-Nov-19,False
Solid Gold Tropical Blendz Grain-Free Pâté with Chicken Liver & Coconut Oi,1.38,46.0,0.32,18.0,28.0,34.33,22-Jan-20,True
Koha Grain-Free Chicken Ste,1.38,46.6,1.19,34.7,8.57,24.36,13-Aug-19,True
Grandma Mae's Country Naturals Grain-Free Dog & Cat Beef Soft Ste,1.38,47.62,0.29,24.29,,31.06,23-Nov-19,True
Grandma Mae's Country Naturals Grain-Free Whitefish Pâté Entré,1.38,50.0,1.25,12.5,,19.29,23-Nov-19,True
Dave's Cat's Meow 95% Beef & Beef Live,1.38,52.37,0.92,31.89,9.19,38.0,7-Nov-19,True
Grandma Mae's Country Naturals Grain-Free Tuna & Chicken Pâté Entré,1.38,56.25,0.69,12.5,,20.36,23-Nov-19,True
Koha L.I.D. Shredded Lamb Entrée in Grav,1.39,39.36,1.14,35.84,10.79,22.0,27-Nov-19,True
Natural Balance Platefulls Chicken & Salmon in Gravy Pouch,1.39,42.6,0.82,25.39,21.27,23.33,9-Jan-17,False
Canidae Under The Sun Witty Kitty Wingin' It with Chicken & Turkey in Broth,1.39,50.0,1.14,26.4,,25.0,14-Dec-16,False
Dr Elsey's Clean Protein Single Source Pork Pâté,1.39,60.4,0.35,18.46,16.54,29.27,22-Sep-19,False
Cats in the Kitchen Cat Times at Fridgemont Pâté Pouch,1.39,64.8,0.54,19.6,7.7,18.33,26-Jan-20,False
Soulistic Duck & Tuna Pâté Pouch,1.39,64.8,0.54,19.6,7.7,18.33,27-Jan-20,False
Soulistic Tuna and Beef Pâté,1.39,68.6,0.64,19.8,3.5,0.0,29-Jan-20,False
Best Feline Friend PLAY Bodacious Tuna & Beef Pâté,1.39,68.6,0.64,19.8,3.5,25.82,27-Jan-20,False
Against the Grain Chicken & Polyhauai'I Berry Dinner,1.39,82.1,0.26,8.94,0.0,16.0,30-Oct-19,False
FirstMate Limited Ingredient Free Run Chicken Formula,1.4,41.0,0.8,23.0,24.0,26.0,25-Nov-19,False
FirstMate Cage Free Chicken & Wild Tuna 50/50 Formula,1.4,41.0,0.9,23.0,23.0,26.0,25-Nov-19,False
FirstMate Cage-free Chicken & Rice,1.4,41.0,0.9,23.0,24.0,26.0,25-Nov-19,False
Kasiks Cage-Free Chicken Formula,1.4,41.0,0.9,23.0,25.0,27.0,25-Nov-19,False
FirstMate Cage Free Turkey & Wild Tuna 50/50 Formula,1.4,41.0,0.9,32.0,14.0,26.0,25-Nov-19,False
NOW Fresh Cod Pâté,1.4,43.0,0.5,24.0,25.0,31.94,31-Oct-19,False
GO! Solutions 98% Carnivore Grain-Free Salmon & Cod Pâté,1.4,43.0,0.77,30.0,18.0,24.47,31-Oct-19,False
Grandma Mae's Country Naturals Grain-Free Chicken Pâté Entré,1.4,45.0,0.45,25.0,,30.36,23-Nov-19,True
Nature's Logic Chicken Feast,1.4,45.44,0.6,35.6,4.0,39.45,15 Nov-20,False
RAWZ 96% Turkey & Turkey Liver Pâté,1.4,48.0,0.48,40.8,2.28,36.18,3-Dec-19,False
Instinct Grain-Free 95% Real Chicken Pâté,1.4,49.8,0.6,35.6,2.4,35.09,8-Nov-19,False
Solid Gold Triple Layer Grain-Free with Turkey & Pumpki,1.4,50.0,0.54,23.0,14.0,30.18,22-Jan-20,True
FirstMate Limited Ingredient Wild Tuna Formula,1.4,50.0,0.7,23.0,12.0,27.0,25-Nov-19,False
Solid Gold Purrfect Pairings Grain-Free Savory Mousse With Chicken & Goat Mil,1.4,50.0,2.5,22.73,,31.27,8-Nov-19,True
Dave's Naturally Healthy Grain-Free Shredded Chicken in Grav,1.4,50.38,1.65,24.96,11.73,25.64,7-Nov-19,True
VeRUS Ocean Fish,1.4,51.8,0.93,33.2,0.1,30.0,27-Jan-20,False
Solid Gold Holistic Delights Grain-Free Creamy Bisque with Chicken Liver & Coconut Milk Pouc,1.4,56.0,0.2,19.0,10.0,23.33,22-Jan-20,True
Against the Grain Tuna Toscano with Salmon & Tomato Dinner,1.4,65.0,0.32,15.7,0.0,22.14,30-Oct-19,False
Solid Gold Five Oceans Shreds with Blended Tuna in Grav,1.4,68.0,0.3,10.0,10.0,26.67,22-Jan-20,True
Only Natural Pet Rabbit & Pork Dinne,1.41,40.91,0.45,22.73,20.86,34.72,29-Jan-20,True
Only Natural Pet Duck & Beef Dinne,1.41,40.91,0.68,22.73,21.59,34.53,29-Jan-20,True
Performatrin Adult Grain-Free Chicken & Lamb Formula,1.41,44.8,0.5,40.2,4.4,38.33,28-Nov-19,False
Solid Gold Tropical Blendz Grain-Free Pâté with Salmon & Coconut Oi,1.41,46.0,0.34,18.0,28.0,35.33,22-Jan-20,True
"I and Love and You Beef, Right Meow! Pâté",1.41,46.77,0.51,38.66,,30.67,11-Nov-19,False
Fromm Salmon & Tuna Pâté,1.41,47.53,1.0,35.38,,30.18,31-Jan-20,False
Nulo FreeStyle Grain-Free Beef & Lamb,1.41,47.57,0.44,40.08,3.37,33.82,26-Nov-19,False
Nulo MedalSeries Grain-Free Beef & Lamb,1.41,47.57,0.44,40.08,3.37,33.82,26-Nov-19,False
Solid Gold Holistic Delights Grain-Free Creamy Bisque With Tuna & Coconut Milk Pouc,1.41,55.56,1.06,18.0,,25.67,8-Nov-19,True
Nulo FreeStyle Shredded Chicken & Duck in Gravy,1.41,55.61,1.17,22.63,10.78,25.33,26-Nov-19,False
Nulo MedalSeries Shredded Chicken & Duck in Gravy,1.41,55.61,1.17,22.63,10.78,25.33,26-Nov-19,False
Performatrin Indoor Salmon Formula,1.42,42.2,0.64,22.4,10.7,27.82,28-Nov-19,False
Natural Balance L.I.D. Limited Ingredient Salmon & Green Pea,1.42,46.44,0.64,26.54,14.83,37.0,9-Jan-17,False
Victor Grain-Free Shredded Chicken Dinner in Gravy,1.42,48.16,1.58,27.15,13.13,25.64,23-Nov-19,False
Fromm Duck À La Veg Pâté,1.42,49.3,0.8,32.4,,30.18,31-Jan-20,False
Instinct Grain-Free Ultimate Protein Real Chicken Pâté,1.42,49.8,0.55,35.57,2.37,35.09,8-Nov-19,False
"Tiki Cat Grain-Free Aloha Friends Chicken, Egg & Pumpkin Pouc",1.42,50.0,,33.33,0.0,24.4,30-Jan-20,True
Dr Elsey's Clean Protein Duck & Turkey Pâté,1.42,50.46,0.4,36.66,3.29,35.82,22-Sep-19,False
Lovibles Tender Lovin',1.42,53.2,0.92,32.3,3.4,33.27,21-Jan-20,False
Holistic Select Grain-Free Salmon & Shrimp Pâté,1.42,54.39,0.63,32.02,4.47,37.31,1-Feb-20,False
Natural Balance Delectable Delights Land 'n Sea Cats-serole Pâte,1.42,58.13,0.71,20.16,11.63,30.0,9-Jan-17,False
Friskies Indoor Pâté Chicken Dinner with Garden Greens,1.43,37.2,,27.1,17.0,,,False
RAWZ 96% Salmon Pâté,1.43,44.57,0.47,40.31,2.33,36.0,3-Dec-19,False
ZiwiPeak New Zealand Beef,1.43,45.0,0.38,29.0,16.0,35.4,1-Feb-20,False
"Chicken Soup for the Soul Grain-Free Beef, Red Potato & Carrots Minced in Gravy",1.43,48.64,1.49,21.91,17.36,26.0,28-Oct-19,False
Hound & Gatos Grain-Free 98% Gamebird Poultry,1.43,49.8,0.68,39.52,,34.73,8-Nov-19,False
Holistic Select Grain-Free Chicken Pâté,1.43,52.02,0.43,33.68,4.6,36.54,1-Feb-20,False
ZiwiPeak New Zealand Mackerel & Lamb,1.43,55.0,0.38,22.0,16.0,34.02,1-Feb-20,False
Solid Gold Holistic Delights Grain-Free Creamy Bisque With Chicken & Coconut Milk Pouc,1.43,55.56,1.75,22.22,,27.33,8-Nov-19,True
Best Feline Friend PLAY Told Ya' Lamb & Tuna Pâté,1.43,58.6,0.8,28.7,4.8,27.86,27-Jan-20,False
Cats in the Kitchen Two Tu Tango,1.43,67.8,0.52,18.8,5.6,19.83,26-Jan-20,False
Koha Grain-Free Limited Ingredient Turkey Pât,1.44,47.8,0.42,40.44,2.05,38.67,13-Aug-19,True
Grandma Mae's Country Naturals Grain-Free Tuna Pâté Entré,1.44,56.25,0.69,12.5,,20.36,23-Nov-19,True
"Natural Balance Original Ultra Whole Body Health Chicken, Salmon & Duck",1.45,41.38,0.53,38.36,11.28,36.67,9-Jan-17,False
Fromm Chicken & Salmon Pâté,1.45,43.37,1.0,38.88,,27.45,31-Jan-20,False
Nulo FreeStyle Grain-Free Trout & Salmon,1.45,49.62,0.46,39.69,1.15,36.55,26-Nov-19,False
Nulo MedalSeries Grain-Free Trout & Salmon,1.45,49.62,0.46,39.69,1.15,36.55,26-Nov-19,False
Grandma Mae's Country Naturals Grain-Free Chicken Pâté in Grav,1.45,52.27,0.41,31.82,,32.55,23-Nov-19,True
Grandma Mae's Country Naturals Grain-Free Ocean Fish & Chicken Pât,1.45,52.27,0.41,31.82,,32.55,23-Nov-19,True
Grandma Mae's Country Naturals Grain-Free Chicken & Liver Pât,1.45,52.27,0.41,31.82,,32.55,23-Nov-19,True
Grandma Mae's Country Naturals Grain-Free  Mackerel & Sardine Pât,1.45,52.27,0.41,31.82,,32.55,23-Nov-19,True
Grandma Mae's Country Naturals Grain-Free Sardine & Ocean Fish Pât,1.45,52.27,0.41,31.82,,32.55,23-Nov-19,True
Grandma Mae's Country Naturals Grain-Free Pork Liver & Chicken Pât,1.45,52.27,0.41,31.82,,32.55,23-Nov-19,True
Lovibles Sizzling Summer Love,1.45,53.3,0.34,32.7,3.8,31.67,21-Jan-20,False
Instinct Original Kitten Grain-Free Real Chicken Pâté,1.45,53.91,0.63,33.2,1.17,34.55,8-Nov-19,False
Victor Turkey & Salmon Pâté,1.46,42.98,0.37,36.11,9.76,33.45,23-Nov-19,False
ZiwiPeak New Zealand Free Range Chicken,1.46,46.0,0.31,31.0,13.0,37.54,1-Feb-20,False
President's Choice Extra Meaty Salmon,1.46,48.43,0.75,38.5,2.24,,12-Dec-19,False
Dave’s Naturally Healthy Grain-Free Chicken & Whitefish Dinne,1.46,50.4,0.71,36.08,3.28,35.82,7-Nov-19,True
Lovibles My One and Only,1.46,55.4,0.8,27.6,5.4,30.0,21-Jan-20,False
Solid Gold Holistic Delights Grain-Free Creamy Bisque with Turkey & Coconut Milk Pouc,1.46,56.0,0.36,19.0,13.0,25.67,22-Jan-20,True
President's Choice Extra Meaty Flaked Tuna,1.46,61.38,1.46,20.06,6.48,,12-Dec-19,False
"Natural Balance Platefulls Indoor Turkey, Salmon & Chicken in Gravy Pouch",1.47,42.72,0.91,24.08,20.89,23.33,9-Jan-17,False
Chicken Soup for the Soul Grain-Free Salmon & Chicken Cuts in Gravy,1.47,49.73,1.58,20.96,17.51,25.67,28-Oct-19,False
Dave's Naturally Healthy Grain-Free Gobbleiciou,1.47,51.1,0.69,22.8,15.45,36.73,7-Nov-19,True
Instinct Grain-Free Minced Salmon in Savory Gravy Cup,1.47,52.9,1.52,22.0,13.59,25.14,8-Nov-19,False
Canidae Under The Sun Witty Kitty The Big Catch with Tuna & Sardine in Broth,1.47,59.42,1.33,20.53,,26.67,14-Dec-16,False
Tiki Cat Grain-Free After Dark Chicken & Quail Eg,1.47,61.54,,30.77,0.0,22.14,30-Jan-20,True
Against the Grain Chicken Mayflower with Turnip,1.47,78.7,0.52,9.26,0.0,13.71,30-Oct-19,False
Natural Balance L.I.D. Limited Ingredient Chicken & Green Pea,1.48,45.06,0.56,30.67,12.65,33.33,9-Jan-17,False
Earthborn Holistic Grain-Free Ranch House Stew,1.48,45.71,0.87,24.09,23.53,27.6,15-Jan-20,False
RAWZ 96% Chicken & Chicken Liver Pâté,1.48,50.0,0.49,36.89,4.0,35.27,3-Dec-19,False
ZiwiPeak New Zealand Lamb,1.49,43.0,0.37,31.0,16.0,37.54,1-Feb-20,False
Diamond Naturals Chicken Dinner Cat and Kitten,1.49,43.04,0.54,33.25,13.69,38.0,11-Nov-19,False
Best Feline Friend OMG Best Day Eva! Beef & Salmon Minced in Gravy,1.49,64.9,0.6,16.2,11.2,16.18,27-Jan-20,False
GO! Solutions Skin & Coat Care Salmon Pâté,1.5,38.0,0.77,29.0,25.0,29.13,31-Oct-19,False
"Natural Balance Original Ultra Whole Body Health Chicken, Salmon & Duck Kitten",1.5,41.57,0.54,36.54,10.48,36.67,9-Jan-17,False
Grandma Mae's Country Naturals Grain-Free Lamb Chunks in Grav,1.5,44.44,0.67,16.67,,29.64,23-Nov-19,True
Lotus Grain-Free Just Juicy Pollock Stew,1.5,45.33,1.5,26.17,10.72,21.32,28-Jan-20,False
Halo Holistic Grain-Free Salmon Adult,1.5,45.8,0.3,37.4,6.8,34.18,30-Jan-20,False
"GO! Solutions 96% Carnivore Chicken, Turkey & Duck Pâté",1.5,47.0,0.77,27.0,17.0,28.35,31-Oct-19,False
Dave's Naturally Healthy Grain-Free Fisherman's Stew in Grav,1.5,50.27,1.61,24.38,12.67,25.09,7-Nov-19,True
Wellness Complete Health Gravies Turkey Dinner,1.5,51.06,1.61,23.72,13.36,23.64,1-Feb-20,False
"Halo Holistic Grain-Free Chicken, Shrimp & Crab Adult",1.5,51.2,0.4,33.3,4.9,30.0,30-Jan-20,False
Dr Elsey's Clean Protein Ocean Whitefish Pâté,1.5,57.75,0.63,35.25,0.0,34.55,22-Sep-19,False
Balanced Blends Species Balanced Steamed Turkey,1.5,62.37,0.53,30.37,,38.7,01-Dec-19,False
Solid Gold Purrfect Pairings Grain-Free Savory Mousse With Salmon & Goat Mil,1.5,63.64,2.4,9.09,,28.36,8-Nov-19,True
Solid Gold Triple Layer Grain-Free with Beef & Pumpki,1.5,64.0,0.53,9.0,17.0,31.64,22-Jan-20,True
"Chicken Soup for the Soul Grain-Free Chicken, Sweet Potato & Spinach Minced",1.51,49.0,1.48,23.1,16.32,25.67,28-Oct-19,False
AvoDerm Wild by Nature Grain-Free Chopped Sardines in Consommé,1.51,69.49,0.21,17.78,11.1,22.67,15-Oct-19,False
Performatrin Healthy Weight Ocean Whitefish Formula,1.52,41.5,0.57,14.8,25.5,24.18,28-Nov-19,False
"Natural Balance Platefulls Cod, Chicken, Sole & Shrimp  in Gravy Pouch",1.52,44.42,0.91,20.64,23.39,23.33,9-Jan-17,False
Dr Elsey's Clean Protein Single Source Salmon Pâté,1.52,48.13,0.59,30.67,12.71,38.36,29-Oct-19,False
Feline Natural New Zealand Lamb & Salmon Feas,1.53,44.74,,39.47,,30.0,1-Feb-20,True
Open Farm Harvest Chicken Rustic Blend,1.53,44.99,0.5,38.98,7.11,28.36,17-Jan-20,False
Open Farm Grass-Fed Beef Rustic Blend,1.53,44.99,0.53,34.39,4.19,30.73,17-Jan-20,False
Open Farm Homestead Turkey Rustic Blend,1.53,44.99,0.53,34.39,4.19,36.36,17-Jan-20,False
Open Farm Chicken & Salmon Rustic Blend,1.53,47.18,0.53,34.39,2.01,27.45,17-Jan-20,False
I and Love and You Purrky Turkey Pâté,1.53,47.42,0.54,33.05,14.3,33.33,11-Nov-19,False
Instinct Grain-Free Minced Chicken in Savory Gravy Cup,1.53,50.5,1.25,24.0,13.76,27.71,8-Nov-19,False
Friskies Ocean Whitefish & Tuna Dinner,1.53,51.3,,31.8,6.8,32.91,7-Aug-20,False
Holistic Select Grain-Free Chicken Liver & Lamb Pâté,1.53,53.31,0.47,33.01,3.7,38.15,1-Feb-20,False
Performatrin Ultra Grain-Free Salmon Bisque,1.54,41.5,0.92,36.9,8.3,37.27,28-Nov-19,False
Hound & Gatos Grain-Free 98% Salmon,1.54,44.95,1.26,47.27,,39.27,8-Nov-19,False
Nulo FreeStyle Grain-Free Salmon & Mackerel,1.54,51.22,0.67,31.97,6.69,34.18,26-Nov-19,False
Nulo MedalSeries Grain-Free Salmon & Mackerel,1.54,51.22,0.67,31.97,6.69,34.18,26-Nov-19,False
Feline Natural New Zealand Chicken & Lamb Feas,1.54,54.86,,28.57,,25.33,1-Feb-20,True
Solid Gold Holistic Delights Grain-Free Creamy Bisque With Salmon & Coconut Milk Pouc,1.54,55.56,0.93,22.22,,29.33,8-Nov-19,True
Redbarn Naturals Grain-Free Turkey Pâté,1.54,56.61,0.44,36.88,0.0,34.91,31-Oct-19,False
I and Love and You Tuna Fintastic Canned Chunks in Gravy,1.54,58.26,1.58,17.03,28.5,24.0,11-Nov-19,False
Against the Grain Caribbean Club with Chicken & Cheese,1.54,84.0,0.21,10.5,0.0,26.43,30-Oct-19,False
RAWZ 96% Duck & Duck Liver Pâté,1.55,49.58,0.48,32.8,6.05,32.91,3-Dec-19,False
I and Love and You Salmon Chanted Evening Canned Chunks in Gravy,1.55,49.9,1.37,26.07,30.49,25.0,11-Nov-19,False
Nulo FreeStyle Grain-Free Duck & Tuna,1.55,51.13,0.47,32.56,6.18,34.73,26-Nov-19,False
Nulo MedalSeries Grain-Free Duck & Tuna,1.55,51.13,0.47,32.56,6.18,34.73,26-Nov-19,False
Friskies Turkey & Giblets Dinner,1.56,47.7,,33.6,6.9,32.91,7-Aug-20,False
Lovibles Feast of My Dreams,1.56,49.1,1.56,36.3,8.7,36.36,21-Jan-20,False
Chicken Soup for the Soul Classic Kitten Chicken & Turkey Pâté,1.57,45.81,0.62,34.11,8.91,38.18,28-Oct-19,False
"VeRUS Turkey, Chicken & Ocean Fish",1.57,46.1,0.87,37.3,0.4,32.18,27-Jan-20,False
Dave’s Naturally Healthy Grain-Free Turke,1.57,48.23,0.39,36.5,4.58,32.8,7-Nov-19,True
Balanced Blends Species Balanced Steamed Chicken,1.57,62.16,0.54,29.89,,37.9,01-Dec-19,False
Weruva Polynesian BBQ,1.57,81.3,0.51,15.7,7.4,20.91,26-Jan-20,False
Natural Balance Ultra Premium Salmon,1.58,45.41,0.76,30.29,13.28,33.33,9-Jan-17,False
Nulo FreeStyle Grain-Free Chicken & Herring,1.58,49.43,0.49,35.55,4.79,36.73,26-Nov-19,False
Nulo MedalSeries Grain-Free Chicken & Herring,1.58,49.43,0.49,35.55,4.79,36.73,26-Nov-19,False
Performatrin Adult Grain-Free Salmon Formula,1.58,50.1,0.93,34.5,3.8,32.67,28-Nov-19,False
NutriSource Grain-Free Country Select,1.58,55.42,0.38,31.83,,35.27,28-Jan-20,False
Cats in the Kitchen The Karate Kitty Pâté Pouch,1.58,68.8,0.71,9.9,10.0,15.33,26-Jan-20,False
Health Extension Grain-Free Real Beef Entrée for Kittens & Cats,1.59,45.0,0.77,45.0,1.0,45.0,7-Dec-16,False
Koha Grain-Free Limited Ingredient Chicken Pât,1.59,49.36,0.43,39.41,1.32,37.0,13-Aug-19,True
Fancy Feast Classic Salmon & Shrimp Pâté Feas,1.59,54.3,0.53,31.0,3.3,30.67,07-Aug-20,True
Weruva Let’s Make a Meal Lamb & Mackerel Pâté Pouch,1.59,54.8,0.29,30.8,5.3,27.82,26-Jan-20,False
Dave’s 95% Premium Meat Tuna & Chicken Pât,1.6,39.11,0.32,29.46,4.58,36.36,7-Nov-19,True
GO! Solutions 99% Carnivore Grain-Free Minced Lamb & Wild Boar,1.6,44.0,1.0,35.0,12.0,23.93,31-Oct-19,False
GO! Solutions Skin + Coat Care Minced Chicken,1.6,45.0,0.9,26.0,20.0,26.25,31-Oct-19,False
Feline Natural New Zealand Chicken & Venison Feas,1.6,51.43,,28.57,,24.33,1-Feb-20,True
VeRUS Grain-Free Tuna Pâté,1.6,60.8,0.76,26.1,0.2,26.73,27-Jan-20,False
Newman's Own Organic 95% Turkey Grain-Free Dinner,1.61,44.0,0.64,43.0,3.95,35.64,14-Nov-19,False
Newman's Own Organic 95% Turkey & Liver Grain-Free Dinner,1.61,44.0,0.64,43.0,3.95,35.64,14-Nov-19,False
Newman's Own Organic 95% Chicken Grain-Free Dinner,1.61,44.0,0.64,43.0,3.95,36.36,14-Nov-19,False
Newman's Own Organic 95% Chicken & Liver Grain-Free Dinner,1.61,44.0,0.64,43.0,3.95,36.55,14-Nov-19,False
Feline Natural New Zealand Lamb Feas,1.61,44.44,0.56,44.44,,34.33,1-Feb-20,True
Grandma Mae's Country Naturals Grain-Free Salmon Slices in Grav,1.61,44.44,2.11,25.0,,26.18,23-Nov-19,True
Sheba Perfect Portions Premium Cuts in Gravy Roasted Chicke,1.61,45.74,1.3,26.74,13.3,,7-Dec-16,True
Sheba Perfect Portions Premium Cuts in Gravy Tender Turke,1.61,45.74,1.3,26.74,13.3,,7-Dec-16,True
Sheba Perfect Portions Premium Cuts in Gravy Savory Salmon and Chicke,1.61,45.74,1.3,26.74,13.3,,7-Dec-16,True
Sheba Perfect Portions Premium Cuts in Gravy Tender Trou,1.61,45.74,1.3,26.74,13.3,,7-Dec-16,True
Sheba Perfect Portions Premium Cuts in Gravy Savory Mixed Gril,1.61,45.74,1.3,26.74,13.3,,7-Dec-16,True
Sheba Perfect Portions Premium Cuts in Gravy Delicate Whitefish and Tun,1.61,45.74,1.3,26.74,13.3,,7-Dec-16,True
Wellness Core Grain-Free 95% Chicken,1.61,46.14,0.4,36.87,6.14,35.82,1-Feb-20,False
Merrick Purrfect Bistro Grain-Free Chicken Divan,1.61,49.55,2.32,21.29,15.04,25.27,26-Jun-19,False
Whole Earth Farms Grain-Free Chicken & Turkey Morsels in Gravy,1.61,49.6,2.32,21.3,15.04,28.73,25-Oct-19,False
Dr Elsey's Clean Protein Single Source Duck Pâté,1.61,49.98,0.38,35.3,6.92,34.91,22-Sep-19,False
I and Love and You Chicken Dalish Canned Chunks in Gravy,1.61,50.34,1.41,26.31,,26.0,11-Nov-19,False
Solid Gold Holistic Delights Grain-Free Creamy Bisque With Beef & Coconut Milk Pouc,1.61,55.56,1.05,22.22,,26.33,22-Jan-20,True
I and Love and You Savory Salmon Pâté,1.62,49.73,0.64,32.81,,29.67,11-Nov-19,False
Cats in the Kitchen Kitty Gone Wild,1.62,67.7,0.66,16.2,5.3,18.17,26-Jan-20,False
Stella and Chewy's Purrfect Pâté Grain-Free Cage Free Chicke,1.63,39.0,0.86,19.5,5.77,32.55,3-Dec-19,True
Natural Balance Ultra Premium Chicken & Liver Pâté,1.63,43.16,0.85,37.14,8.22,35.33,9-Jan-17,False
Wellness Core Grain-Free 95% Chicken & Salmon,1.63,49.31,0.64,39.31,0.3,36.0,1-Feb-20,False
Friskies Salmon Dinner Pâté,1.63,50.7,,31.2,6.7,32.55,7-Aug-20,False
Performatrin Ultra Grain-Free Chicken Pâté,1.64,45.7,0.46,36.3,5.1,34.0,28-Nov-19,False
Balanced Blends Species Balanced Steamed Beef Heart & Offal,1.64,59.9,0.53,30.59,,33.4,01-Dec-19,False
Whole Earth Farms Grain-Free Real Duck Pâté,1.66,40.8,0.3,41.3,5.27,35.2,25-Oct-19,False
Dave’s Naturally Healthy Grain-Free Chicke,1.66,49.87,0.39,34.54,4.33,33.95,7-Nov-19,True
RAWZ 96% Chicken & Herring Pâté,1.66,52.95,0.46,29.17,7.31,33.27,3-Dec-19,False
Performatrin Adult Grain-Free Whitefish Formula,1.66,54.3,0.73,28.9,3.3,30.55,28-Nov-19,False
Natural Balance L.I.D. Limited Ingredient Venison & Green Pea,1.67,42.9,0.76,26.77,15.35,31.67,9-Jan-17,False
Grandma Mae's Country Naturals Grain-Free Duck Soft Ste,1.67,44.44,0.33,25.0,,31.82,23-Nov-19,True
Grandma Mae's Country Naturals Grain-Free Chicken Slices in Grav,1.67,44.44,1.94,25.0,,25.82,23-Nov-19,True
Whole Earth Farms Grain-Free Real Chicken & Turkey Pâté,1.67,44.84,0.73,27.55,16.54,31.8,25-Oct-19,False
NutriSource Grain-Free Meadow & Stream Select,1.67,50.67,0.71,31.08,,32.0,28-Jan-20,False
Natural Balance Delectable Delights Life's a Beach Cat Pâté,1.67,60.24,0.55,18.51,9.65,28.0,9-Jan-17,False
"Natural Balance Platefulls Turkey, Chicken & Duck in Gravy Pouch",1.68,41.01,0.83,23.85,22.56,23.33,9-Jan-17,False
Stella and Chewy's Purrfect Pâté Grain-Free Chicken & Salmo,1.68,41.7,0.96,20.8,5.68,32.73,3-Dec-19,True
"Wellness Core Grain-Free Salmon, Whitefish & Herring Pâté",1.68,50.51,0.86,22.47,12.53,28.55,1-Feb-20,False
Wellness Complete Health Gravies Salmon Dinner,1.68,51.1,1.73,21.72,13.9,22.91,1-Feb-20,False
Solid Gold Wholesome Selects Grain-Free Turkey & Pumpkin Chunks in Grav,1.68,53.0,0.67,22.92,20.68,29.0,22-Jan-20,True
Instinct Grain-Free Minced Rabbit in Savory Gravy Cup,1.68,55.0,1.29,15.0,14.85,21.14,8-Nov-19,False
Fancy Feast Classic Pâté Turkey & Giblets Feas,1.69,53.3,0.49,32.7,3.9,32.0,07-Aug-20,True
Instinct Grain-Free Limited Ingredient Diet Duck,1.7,45.29,0.47,33.33,7.25,36.36,8-Nov-19,False
Lovibles Beggin' for Love,1.7,48.2,0.59,39.5,4.0,39.09,21-Jan-20,False
Wellness Complete Health Morsels Turkey Dinner,1.7,48.62,1.6,27.44,11.15,27.27,1-Feb-20,False
Grandma Mae's Country Naturals Grain-Free Chicken Soft Ste,1.7,56.14,0.35,28.07,,33.33,23-Nov-19,True
Best Feline Friend PLAY Tap Dance Duck & Tuna Pâté Pouch,1.7,61.3,0.82,24.6,5.0,25.33,27-Jan-20,False
Best Feline Friend PLAY Ta Da! Beef & Tuna Pâté Pouch,1.7,64.3,0.87,20.8,4.9,24.0,27-Jan-20,False
NutriSource Grain-Free Turkey & Turkey Liver Select,1.71,45.0,0.46,40.58,,35.82,28-Jan-20,False
Merrick Purrfect Bistro Grain-Free Beef Pâté,1.71,54.5,2.07,27.07,5.68,30.55,26-Jun-19,False
Whole Earth Farms Grain-Free Real Beef Pâté,1.71,54.5,2.07,27.1,5.54,26.2,25-Oct-19,False
Instinct Grain-Free Limited Ingredient Diet Real Salmon Pâté,1.71,54.69,1.14,26.12,5.71,29.09,8-Nov-19,False
Lovibles Over the Moo-n,1.71,56.2,0.94,26.8,5.4,29.0,21-Jan-20,False
Grandma Mae's Country Naturals Grain-Free Dog & Cat Lamb Soft Ste,1.71,57.14,0.34,34.29,,29.92,23-Nov-19,True
Grandma Mae's Country Naturals Grain-Free Whitefish & Chicken Slices in Grav,1.72,44.44,2.0,25.0,,24.73,23-Nov-19,True
Fromm Seafood & Shrimp Pâté,1.73,44.68,1.15,26.02,,25.82,31-Jan-20,False
Beyond Grain-Free Wild Salmon Pâté,1.73,53.0,,35.5,2.3,33.33,7-Aug-20,False
Best Feline Friend OMG Lots-O-Luck! Duck & Tuna Minced in Gravy,1.73,62.3,0.54,17.0,11.3,18.18,27-Jan-20,False
Lotus Grain-Free Salmon Pâté,1.74,40.83,0.91,21.11,23.94,26.56,28-Jan-20,False
Merrick Purrfect Bistro Grain-Free Chicken Casserole,1.74,49.13,2.13,22.04,13.26,25.64,26-Jun-19,False
"Tiki Cat Grain-Free Aloha Friends Chicken, Beef & Pumpkin Pouc",1.74,52.17,,34.78,0.0,25.6,30-Jan-20,True
Solid Gold Triple Layer Grain-Free with Chicken & Pumpkin(,1.74,59.0,0.34,23.0,8.0,31.27,22-Jan-20,False
Soulistic Duck & Tuna Pâté,1.74,62.5,0.85,23.1,5.2,0.0,27-Jan-20,False
Best Feline Friend PLAY Trickster Duck & Tuna Pâté,1.74,62.5,0.85,23.1,5.2,24.0,27-Jan-20,False
Canada Fresh Salmo,1.75,40.0,0.7,37.5,,31.45,17-Jan-20,True
Canada Fresh Bee,1.75,47.5,0.5,42.5,,31.45,17-Jan-20,True
RAWZ 96% Rabbit & Pumpkin Pâté,1.75,48.92,0.42,29.46,9.42,30.18,3-Dec-19,False
Weruva Meal or No Deal! Chicken & Beef Pâté,1.75,62.9,0.55,22.5,4.6,16.91,26-Jan-20,False
Dave's Cat's Meow Farmyard Fow,1.76,48.33,1.5,24.56,13.96,26.0,7-Nov-19,True
Tiki Cat Grain-Free Aloha Friends Chicken & Pumpkin Pouc,1.76,52.38,,33.33,0.0,25.6,30-Jan-20,True
Fancy Feast Medleys White Meat Chicken Primavera with Garden Veggies and Greens,1.76,52.1,,29.3,5.4,21.67,7-Aug-20,False
"Tiki Cat Grain-Free Aloha Friends Chicken, Lamb & Pumpkin Pouc",1.76,52.38,,33.33,0.0,26.8,30-Jan-20,True
PureVita Grain-Free Turkey Entree,1.77,55.86,0.45,43.05,,35.49,28-Jan-20,False
ZiwiPeak New Zealand Mackerel,1.77,64.0,1.23,14.0,10.0,30.5,1-Feb-20,False
Nulo FreeStyle Grain-Free Turkey & Chicken,1.78,49.44,0.41,37.73,1.34,35.09,26-Nov-19,False
Nulo MedalSeries Grain-Free Turkey & Chicken,1.78,49.44,0.41,37.73,1.34,35.09,26-Nov-19,False
Best Feline Friend PLAY Tic Toc Beef & Tuna Pâté,1.78,65.8,0.87,19.0,4.8,23.09,27-Jan-20,False
Natural Balance L.I.D. Limited Ingredient Duck & Green Pea,1.79,41.21,0.52,31.61,15.2,35.33,9-Jan-17,False
Wellness Complete Health Beef & Salmon Pâté,1.79,46.45,1.22,36.5,4.6,34.0,1-Feb-20,False
"Chicken Soup for the Soul Grain-Free Salmon, Red Potato & Spinach Pâté",1.79,49.8,1.49,26.94,9.95,31.0,28-Oct-19,False
Hound & Gatos Grain-Free 98% Duck & Liver,1.79,55.34,0.41,29.67,,36.91,8-Nov-19,False
Wellness Complete Health Gravies Tuna Dinner,1.79,55.56,1.63,16.29,13.81,21.45,1-Feb-20,False
Weruva The Slice is Right Wild Caught Salmon Pâté Pouch,1.79,61.6,0.27,17.9,11.5,16.73,26-Jan-20,False
Against the Grain Chicken & Pumpkin Samba,1.79,61.9,0.37,10.0,20.0,24.29,30-Oct-19,False
Halo Grain-Free Turkey and Giblets Indoor Pâté,1.8,42.8,1.1,39.7,6.9,31.82,30-Jan-20,False
"Solid Gold Wholesome Selects Grain-Free Chicken, Duck & Pumpkin Chunks in Grav",1.8,48.0,0.54,22.55,16.6,28.0,22-Jan-20,True
VeRUS Grain-Free Chicken Pâté,1.8,49.8,0.61,38.7,0.3,32.55,27-Jan-20,False
Koha Grain-Free Limited Ingredient Wild Kangaroo Pât,1.81,51.58,0.54,29.1,8.69,32.36,13-Aug-19,True
Fancy Feast Medleys White Meat Chicken Florentine with Cheese & Garden Greens,1.81,50.0,,30.6,5.7,30.33,7-Aug-20,False
"Chicken Soup for the Soul Grain-Free Beef, Carrot & Red Potato Pâté",1.82,46.12,1.14,33.49,8.18,36.0,28-Oct-19,False
"Chicken Soup for the Soul Grain-Free Chicken, Sweet Potato & Spinach Pâté",1.82,46.37,1.14,35.1,6.2,36.0,28-Oct-19,False
Beyond Grain-Free Chicken & Sweet Potato Pâté,1.82,48.7,,36.4,5.2,32.67,7-Aug-20,False
Fancy Feast Classic Pâté Tender Beef & Liver Feas,1.82,52.0,0.5,33.8,3.3,32.33,26-Nov-19,True
"Tiki Cat Grain-Free Aloha Friends Chicken, Duck & Pumpkin Pouc",1.82,54.55,,31.82,0.0,24.4,30-Jan-20,True
RAWZ 96% Rabbit Pâté,1.83,47.24,0.46,30.6,8.7,31.27,3-Dec-19,False
Instinct Original Grain-Free 95% Real Salmon Pâté,1.83,54.17,1.13,26.25,3.33,30.0,8-Nov-19,False
Wellness Complete Health Minced Tuna Dinner,1.84,55.07,1.74,19.52,11.03,24.73,1-Feb-20,False
Wellness Complete Health Salmon & Trout Pâté,1.85,42.03,1.21,40.85,4.91,37.27,1-Feb-20,False
Wellness Complete Health Turkey Pâté,1.85,48.57,1.14,35.05,4.8,32.73,1-Feb-20,False
Merrick Purrfect Bistro Grain-Free Duck Pâté,1.86,43.22,1.99,36.86,7.42,28.36,26-Jun-19,False
VeRUS Grain-Free Salmon Pâté,1.86,49.4,0.76,36.3,0.3,33.27,27-Jan-20,False
Friskies Mariner's Catch Pâté,1.86,50.3,,28.8,8.5,32.18,7-Aug-20,False
Koha L.I.D. Shredded Duck Entrée in Grav,1.86,51.54,1.22,24.63,9.73,24.91,27-Nov-19,True
Fancy Feast Classic Pâté Savory Salmon Feas,1.86,54.1,0.62,31.4,2.6,30.67,07-Aug-20,True
AvoDerm Wild by Nature Grain-Free Salmon in Salmon Consommé,1.86,68.73,0.33,22.61,16.7,27.33,15-Oct-19,False
Hound & Gatos Grain-Free 98% Trout & Duck Liver,1.87,49.39,0.36,35.42,,32.91,8-Nov-19,False
Fancy Feast Classic Pâté Tender Beef Feas,1.87,54.5,0.6,29.9,4.9,30.67,26-Nov-19,True
Wellness Complete Health Morsels Tuna Entrée,1.87,55.69,1.78,20.16,9.75,24.73,1-Feb-20,False
Weruva Stewlander,1.88,43.3,0.71,34.3,14.2,29.27,26-Jan-20,False
Weruva Stick a Spork in It Pouch,1.89,42.9,0.68,35.3,13.5,31.0,26-Jan-20,False
Wellness Complete Health Gravies Chicken Dinner,1.89,50.26,1.58,21.47,15.03,23.27,1-Feb-20,False
Wellness Complete Health Beef & Chicken Pâté,1.89,50.88,1.16,33.65,3.0,31.27,1-Feb-20,False
Merrick Limited Ingredient Grain-Free Chicken,1.9,42.6,0.54,37.4,6.2,26.2,26-Jun-19,False
Halo Grain-Free Chicken and Beef Indoor Pâté,1.9,43.5,1.0,37.3,7.0,36.36,30-Jan-20,False
Whole Earth Farms Grain-Free Healthy Kitten Pâté,1.9,48.76,0.7,27.37,12.97,31.2,25-Oct-19,False
Halo Grain-Free Whitefish Indoor Pâté,1.9,50.0,1.1,39.5,0.1,30.91,30-Jan-20,False
Halo Grain-Free Seafood Medley Indoor Pâté,1.9,57.9,1.4,19.6,10.0,27.82,30-Jan-20,False
"Wellness Core Grain-Free Chicken, Turkey & Chicken Liver Pâté",1.91,47.53,0.87,30.8,9.77,38.73,1-Feb-20,False
Wellness Complete Health Morsels Chicken Entrée,1.91,47.9,1.63,27.1,11.76,26.0,1-Feb-20,False
Wellness Complete Health Minced Salmon Entrée,1.91,48.9,2.1,26.41,9.1,25.0,1-Feb-20,False
Soulistic Moist & Tender Duck Dinner in Gravy Canned,1.91,52.76,0.68,22.61,9.85,23.27,27-Jan-20,False
ZiwiPeak New Zealand Hoki,1.91,55.0,0.29,19.0,13.0,29.73,1-Feb-20,False
"Fancy Feast Classic Cod, Sole & Shrimp Feas",1.91,62.9,0.81,23.0,2.5,27.33,7-Aug-20,True
Wellness Complete Health Morsels Turkey & Salmon Entrée,1.92,49.59,1.63,26.09,10.6,26.33,1-Feb-20,False
Wellness Complete Health Turkey & Salmon Pâté,1.92,50.15,1.28,31.12,5.69,30.36,1-Feb-20,False
Dr Elsey's Clean Protein Salmon Pâté,1.92,51.71,0.71,34.79,5.13,36.55,22-Sep-19,False
Instinct Original Grain-Free 95% Real Venison Pâté,1.92,52.61,0.49,27.87,4.18,36.18,8-Nov-19,False
Wellness Complete Health Sliced Salmon Entrée,1.93,50.07,2.13,24.36,10.83,24.18,1-Feb-20,False
Lovibles Furrever and Always,1.93,55.9,0.92,24.9,6.2,28.67,21-Jan-20,False
Koha L.I.D. Shredded Beef Entrée in Grav,1.94,41.74,0.99,32.15,12.02,29.64,27-Nov-19,True
Merrick Purrfect Bistro Grain-Free Tuna Pâté,1.94,48.76,1.9,32.73,4.38,29.82,26-Jun-19,False
Solid Gold Wholesome Selects Grain-Free Chicken & Liver Chunks in Grav,1.94,50.0,0.21,22.7,17.0,28.0,22-Jan-20,True
Wellness Complete Health Morsels Salmon Dinner,1.94,50.12,2.13,24.63,10.4,23.67,1-Feb-20,False
Wellness Complete Health Kitten Pâté,1.94,50.5,1.11,34.02,2.35,32.33,1-Feb-20,False
I and Love and You Whascally Wabbit Pâté,1.94,55.95,0.61,26.68,,31.67,11-Nov-19,False
Wellness Complete Health Minced Turkey Entrée,1.95,48.86,1.57,24.93,12.3,25.64,1-Feb-20,False
Hound & Gatos Grain-Free 98% Rabbit,1.95,50.01,0.51,32.87,,33.09,8-Nov-19,False
Beyond Grain-Free Trout & Catfish Pâté,1.95,51.3,,35.8,2.3,33.0,7-Aug-20,False
Soulistic Moist & Tender Beef Dinner in Gravy Canned,1.95,56.84,0.79,20.0,9.05,21.64,27-Jan-20,False
I and Love and You Chicken Me Out Pâté,1.96,48.76,0.55,34.3,,37.0,11-Nov-19,False
Fancy Feast Classic Pâté Tender Beef & Chicken Feas,1.96,51.4,0.55,32.9,4.3,33.67,26-Nov-19,True
Wellness Complete Health Minced Chicken Dinner,1.97,46.5,1.58,27.26,12.86,26.73,1-Feb-20,False
Wellness Complete Health Sliced Chicken Entrée,1.97,46.59,1.59,27.4,12.6,24.0,1-Feb-20,False
Wellness Complete Health Minced Turkey & Salmon Entrée,1.97,48.85,1.63,25.02,12.13,25.82,1-Feb-20,False
Instinct Grain-Free Ultimate Protein Real Rabbit Pâté,1.97,59.4,0.68,21.37,3.42,26.67,8-Nov-19,False
Instinct Original Grain-Free 95% Real Rabbit Pâté,1.97,59.4,0.68,21.37,3.42,26.73,8-Nov-19,False
Diamond Naturals Whitefish Dinner Cat and Kitten,1.99,44.29,0.67,24.91,17.72,31.27,11-Nov-19,False
Chicken Soup for the Soul Grain-Free Chicken & Turkey Pâté,1.99,46.34,1.01,35.81,5.47,36.55,28-Oct-19,False
Fancy Feast Classic Pâté Chicken Feas,1.99,53.0,0.61,31.0,4.1,33.0,07-Aug-20,True
Fancy Feast Classic Pâté Ocean Whitefish & Tuna Feas,1.99,62.2,0.76,24.6,3.5,28.33,07-Aug-20,True
Against the Grain Captain's Catch with Sardines & Mackerel,1.99,64.3,0.58,14.9,0.0,21.43,30-Oct-19,False
Feline Natural New Zealand Beef Feas,2.0,41.67,0.67,41.67,,31.83,1-Feb-20,True
Nulo MedalSeries Limited Ingredient Diet 95% Salmon in Broth,2.0,47.66,0.24,28.07,11.05,37.09,26-Nov-19,False
Wellness Complete Health Sliced Turkey & Salmon Dinner,2.0,48.61,1.66,25.48,11.59,25.27,1-Feb-20,False
Merrick Purrfect Bistro Grain-Free Salmon Pâté,2.01,48.47,2.1,34.67,2.93,31.82,26-Jun-19,False
Weruva The Newly Feds Beef & Salmon Pâté Pouch,2.03,66.4,0.43,16.8,5.4,18.73,26-Jan-20,False
Koha Grain-Free Limited Ingredient Duck Pât,2.04,41.67,0.36,45.07,2.36,37.67,13-Aug-19,True
Wellness Complete Health Sliced Turkey Entrée,2.06,48.94,1.62,25.26,11.3,23.67,1-Feb-20,False
Merrick Purrfect Bistro Grain-Free Tuna Nicoise,2.06,51.67,2.39,18.47,13.49,25.64,26-Jun-19,False
Halo Grain-Free Turkey and Duck Indoor Pâté,2.1,44.1,1.1,44.8,0.1,33.64,30-Jan-20,False
Halo Grain-Free Chicken Indoor Pâté,2.1,50.0,1.2,33.0,4.3,36.55,30-Jan-20,False
Fancy Feast Classic Pâté Seafood Feas,2.1,58.4,0.7,26.7,3.2,29.33,07-Aug-20,True
Merrick Purrfect Bistro Grain-Free Chicken Pâté,2.11,47.41,1.94,37.24,2.59,33.64,26-Jun-19,False
Feline Natural New Zealand Beef & Hoki Feas,2.11,47.89,,33.16,,26.83,1-Feb-20,True
Lovibles Simply Irresistible,2.11,64.3,0.93,15.4,4.9,25.0,21-Jan-20,False
Nulo MedalSeries Limited Ingredient Diet 95% Chicken & Chicken Liver in Broth,2.12,47.6,0.37,38.77,0.0,39.45,26-Nov-19,False
Wellness Core Indoor Chicken & Chicken Liver Pâté,2.12,52.42,1.12,20.48,12.1,26.91,1-Feb-20,False
President's Choice Extra Meaty Ocean Whitefish & Tuna,2.13,68.68,1.0,13.78,2.17,,12-Dec-19,False
Fancy Feast Classic Pâté Chopped Grill Feas,2.14,52.9,0.56,30.0,4.7,33.0,07-Aug-20,True
"Dave's Cat's Meow 95% Chicken, Chicken Liver & Turke",2.15,55.98,0.48,27.14,8.09,35.82,7-Nov-19,True
Weruva Outback Grill,2.15,67.9,0.36,16.8,0.6,18.91,26-Jan-20,False
Fancy Feast Classic Pâté Tender Liver & Chicken Feas,2.16,55.0,0.47,29.3,3.6,32.0,7-Aug-20,True
Chicken Soup for the Soul Grain-Free Salmon Pâté,2.17,51.93,1.27,30.45,5.09,32.73,28-Oct-19,False
Beyond Grain-Free Duck & Sweet Potato Pâté,2.2,46.9,,36.1,5.2,33.0,7-Aug-20,False
Wellness Complete Health Chicken & Herring Pâté,2.21,53.51,1.23,28.26,4.29,29.09,1-Feb-20,False
I and Love and You Oh My Cod! Pâté,2.22,52.23,0.66,28.41,,27.33,11-Nov-19,False
Nature's Logic Sardine Feast,2.22,59.1,2.13,15.4,3.4,42.73,15 Nov-20,False
Tiki Cat Grain-Free Mackerel & Sardine in Calamari Consommé (Makaha Luau,2.22,66.67,,16.67,0.0,19.64,30-Jan-20,True
Health Extension Grain-Free Real Chicken Entrée for Kittens & Cats,2.23,42.0,0.59,40.0,3.0,36.0,7-Dec-16,False
Dave's Cat's Meow 95% Chicken & Chicken Live,2.23,58.52,0.26,27.37,5.38,35.45,7-Nov-19,True
Stella and Chewy's Purrfect Pâté Grain-Free Turke,2.27,39.9,0.93,20.0,4.37,34.0,3-Dec-19,True
Halo Grain-Free Salmon Indoor Pâté,2.3,51.1,1.1,33.7,2.4,38.36,30-Jan-20,False
Merrick Purrfect Bistro Grain-Free Turkey Pâté,2.31,54.33,2.26,24.42,4.76,31.82,26-Jun-19,False
Wellness Complete Health Chicken & Lobster Pâté,2.32,49.31,1.16,33.02,3.83,32.36,1-Feb-20,False
Friskies Extra Gravy Pâté with Salmon in Savory Gravy,2.4,47.5,,,,,7-Sep-18,False
"President's Choice Extra Meaty Cod, Sole & Shrimp",2.44,65.38,0.77,11.92,5.56,,12-Dec-19,False
Grandma Mae's Country Naturals Grain-Free Beef Pâté Entré,2.45,45.0,0.65,25.0,,26.43,23-Nov-19,True
Best Feline Friend OMG Date Nite! Duck & Salmon in Gravy Pouch,2.47,59.5,0.52,20.4,9.0,19.29,27-Jan-20,False
Health Extension Grain-Free Real Turkey Entrée for Kittens & Cats,2.5,36.0,0.64,46.0,2.0,39.0,7-Dec-16,False
Friskies Extra Gravy Pâté with Tuna in Savory Gravy,2.5,48.1,,,,,7-Sep-18,False
Tiki Cat Grain-Free Sardine Cutlets (Tahitian Grill,2.5,73.68,,15.79,0.0,21.43,30-Jan-20,True
Canada Fresh Lam,2.55,47.5,0.5,42.5,,31.45,17-Jan-20,True
Canada Fresh Red Mea,2.55,47.5,0.6,42.5,,31.45,17-Jan-20,True
Koha L.I.D. Shredded Turkey Entrée in Grav,2.65,40.54,0.76,24.48,12.42,28.36,27-Nov-19,True
Canada Fresh Duc,2.75,42.5,0.5,37.5,,31.45,17-Jan-20,True
Canada Fresh Chicke,2.75,45.0,0.5,37.5,,31.45,17-Jan-20,True
Koha Grain-Free Duck Ste,2.76,52.8,1.4,28.6,3.46,24.36,13-Aug-19,True
Feline Natural New Zealand Chicken Feas,2.78,52.78,0.56,30.56,,28.67,1-Feb-20,True
Tiki Cat Grain-Free Sardine Cutlets in Lobster Consommé (Bora Bora Luau,2.85,72.22,,16.67,0.0,20.71,30-Jan-20,True
Friskies Extra Gravy Pâté with Turkey in Savory Gravy,2.9,50.8,,,,,7-Sep-18,False
Merrick Purrfect Bistro Grain-Free Surf N Turf Pâté,3.25,54.37,2.18,29.71,6.21,28.18,26-Jun-19,False
Koha Grain-Free Limited Ingredient Rabbit au Ju,3.98,53.81,0.48,25.87,0.0,25.33,13-Aug-19,True
Wellness Core Kitten Chicken & Turkey Pâté,4.72,49.3,1.89,31.69,4.75,36.18,1-Feb-20,False
